Mod:Item:MetaData, Localized Name
minecraft:air, Воздух
minecraft:stone:0, Камень
minecraft:stone:1, Гранит
minecraft:stone:2, Полированный гранит
minecraft:stone:3, Диорит
minecraft:stone:4, Полированный диорит
minecraft:stone:5, Андезит
minecraft:stone:6, Полированный андезит
minecraft:grass, Дёрн
minecraft:dirt:0, Земля
minecraft:dirt:1, Каменистая земля
minecraft:dirt:2, Подзол
minecraft:cobblestone, Булыжник
minecraft:planks:0, Дубовые доски
minecraft:planks:1, Еловые доски
minecraft:planks:2, Берёзовые доски
minecraft:planks:3, Доски из тропического дерева
minecraft:planks:4, Акациевые доски
minecraft:planks:5, Доски из тёмного дуба
minecraft:sapling:0, Саженец дуба
minecraft:sapling:1, Еловый саженец
minecraft:sapling:2, Саженец берёзы
minecraft:sapling:3, Саженец тропического дерева
minecraft:sapling:4, Саженец акации
minecraft:sapling:5, Саженец тёмного дуба
minecraft:bedrock, Бедрок
minecraft:sand:0, Песок
minecraft:sand:1, Красный песок
minecraft:gravel, Гравий
minecraft:gold_ore, Золотая руда
minecraft:iron_ore, Железная руда
minecraft:coal_ore, Каменный уголь
minecraft:log:0, Дуб
minecraft:log:1, Ель
minecraft:log:2, Берёза
minecraft:log:3, Тропическое дерево
minecraft:leaves:0, Дубовые листья
minecraft:leaves:1, Хвоя
minecraft:leaves:2, Берёзовые листья
minecraft:leaves:3, Листья тропического дерева
minecraft:sponge:0, Губка
minecraft:sponge:1, Мокрая губка
minecraft:glass, Стекло
minecraft:lapis_ore, Лазуритовая руда
minecraft:lapis_block, Лазуритовый блок
minecraft:dispenser, Раздатчик
minecraft:sandstone:0, Песчаник
minecraft:sandstone:1, Резной песчаник
minecraft:sandstone:2, Гладкий песчаник
minecraft:noteblock, Нотный блок
minecraft:golden_rail, Энергорельсы
minecraft:detector_rail, Рельсы с датчиком
minecraft:sticky_piston, Липкий поршень
minecraft:web, Паутина
minecraft:tallgrass:1, Трава
minecraft:tallgrass:2, Папоротник
minecraft:deadbush, Мёртвый куст
minecraft:piston, Поршень
minecraft:wool:0, Белая шерсть
minecraft:wool:1, Оранжевая шерсть
minecraft:wool:2, Пурпурная шерсть
minecraft:wool:3, Голубая шерсть
minecraft:wool:4, Жёлтая шерсть
minecraft:wool:5, Лаймовая шерсть
minecraft:wool:6, Розовая шерсть
minecraft:wool:7, Серая шерсть
minecraft:wool:8, Светло-серая шерсть
minecraft:wool:9, Бирюзовая шерсть
minecraft:wool:10, Фиолетовая шерсть
minecraft:wool:11, Синяя шерсть
minecraft:wool:12, Коричневая шерсть
minecraft:wool:13, Зелёная шерсть
minecraft:wool:14, Красная шерсть
minecraft:wool:15, Чёрная шерсть
minecraft:yellow_flower:0, Одуванчик
minecraft:red_flower:0, Мак
minecraft:red_flower:1, Синяя орхидея
minecraft:red_flower:2, Лук-батун
minecraft:red_flower:3, Голубой василёк
minecraft:red_flower:4, Красный тюльпан
minecraft:red_flower:5, Оранжевый тюльпан
minecraft:red_flower:6, Белый тюльпан
minecraft:red_flower:7, Розовый тюльпан
minecraft:red_flower:8, Ромашка
minecraft:brown_mushroom, Гриб
minecraft:red_mushroom, Гриб
minecraft:gold_block, Золотой блок
minecraft:iron_block, Железный блок
minecraft:stone_slab:0, Каменная плита
minecraft:stone_slab:1, Песчаниковая плита
minecraft:stone_slab:3, Булыжная плита
minecraft:stone_slab:4, Кирпичная плита
minecraft:stone_slab:5, Плита из каменных кирпичей
minecraft:stone_slab:6, Незеритовая плита
minecraft:stone_slab:7, Кварцевая плита
minecraft:brick_block, Кирпичи
minecraft:tnt, Динамит
minecraft:bookshelf, Книжная полка
minecraft:mossy_cobblestone, Замшелый булыжник
minecraft:obsidian, Обсидиан
minecraft:torch, Факел
minecraft:mob_spawner, Рассадник монстров
minecraft:oak_stairs, Дубовые ступеньки
minecraft:chest, Сундук
minecraft:diamond_ore, Алмазная руда
minecraft:diamond_block, Алмазный блок
minecraft:crafting_table, Верстак
minecraft:farmland, Пашня
minecraft:furnace, Печь
minecraft:ladder, Лестница
minecraft:rail, Рельсы
minecraft:stone_stairs, Булыжные ступеньки
minecraft:lever, Рычаг
minecraft:stone_pressure_plate, Каменная нажимная плита
minecraft:wooden_pressure_plate, Деревянная нажимная плита
minecraft:redstone_ore, Редстоуновая руда
minecraft:redstone_torch, Редстоуновый факел
minecraft:stone_button, Кнопка
minecraft:snow_layer, Снег
minecraft:ice, Лёд
minecraft:snow, Снег
minecraft:cactus, Кактус
minecraft:clay, Глина
minecraft:jukebox, Проигрыватель
minecraft:fence, Дубовый забор
minecraft:pumpkin, Тыква
minecraft:netherrack, Незерит
minecraft:soul_sand, Песок душ
minecraft:glowstone, Светокамень
minecraft:lit_pumpkin, Светильник Джека
minecraft:stained_glass:0, Белое стекло
minecraft:stained_glass:1, Оранжевое стекло
minecraft:stained_glass:2, Пурпурное стекло
minecraft:stained_glass:3, Голубое стекло
minecraft:stained_glass:4, Жёлтое стекло
minecraft:stained_glass:5, Лаймовое стекло
minecraft:stained_glass:6, Розовое стекло
minecraft:stained_glass:7, Серое стекло
minecraft:stained_glass:8, Светло-серое стекло
minecraft:stained_glass:9, Бирюзовое стекло
minecraft:stained_glass:10, Фиолетовое стекло
minecraft:stained_glass:11, Синее стекло
minecraft:stained_glass:12, Коричневое стекло
minecraft:stained_glass:13, Зелёное стекло
minecraft:stained_glass:14, Красное стекло
minecraft:stained_glass:15, Чёрное стекло
minecraft:trapdoor, Люк
minecraft:monster_egg:0, Камень с монстрами
minecraft:monster_egg:1, Булыжник с монстрами
minecraft:monster_egg:2, Каменный кирпич с монстрами
minecraft:monster_egg:3, Замшелый каменный кирпич с монстрами
minecraft:monster_egg:4, Потрескавшийся каменный кирпич с монстрами
minecraft:monster_egg:5, Резной каменный кирпич с монстрами
minecraft:stonebrick:0, Каменные кирпичи
minecraft:stonebrick:1, Замшелые каменные кирпичи
minecraft:stonebrick:2, Потрескавшиеся каменные кирпичи
minecraft:stonebrick:3, Резные каменные кирпичи
minecraft:brown_mushroom_block, Гриб
minecraft:red_mushroom_block, Гриб
minecraft:iron_bars, Железные прутья
minecraft:glass_pane, Стеклянная панель
minecraft:melon_block, Арбуз
minecraft:vine, Лианы
minecraft:fence_gate, Дубовая калитка
minecraft:brick_stairs, Кирпичные ступеньки
minecraft:stone_brick_stairs, Ступеньки из каменного кирпича
minecraft:mycelium, Мицелий
minecraft:waterlily, Кувшинка
minecraft:nether_brick, Незеритовые кирпичи
minecraft:nether_brick_fence, Незеритовый забор
minecraft:nether_brick_stairs, Незеритовые ступеньки
minecraft:enchanting_table, Чародейский стол
minecraft:end_portal_frame, Портал в Энд
minecraft:end_stone, Эндерняк
minecraft:dragon_egg, Яйцо дракона
minecraft:redstone_lamp, Редстоуновый фонарь
minecraft:wooden_slab:0, Дубовая плита
minecraft:wooden_slab:1, Еловая плита
minecraft:wooden_slab:2, Берёзовая плита
minecraft:wooden_slab:3, Плита из тропического дерева
minecraft:wooden_slab:4, Акациевая плита
minecraft:wooden_slab:5, Плита из тёмного дуба
minecraft:sandstone_stairs, Песчаниковые ступеньки
minecraft:emerald_ore, Изумрудная руда
minecraft:ender_chest, Эндер-сундук
minecraft:tripwire_hook, Крюк
minecraft:emerald_block, Изумрудный блок
minecraft:spruce_stairs, Еловые ступеньки
minecraft:birch_stairs, Берёзовые ступеньки
minecraft:jungle_stairs, Ступеньки из тропического дерева
minecraft:command_block, Командный блок
minecraft:beacon, Маяк
minecraft:cobblestone_wall:0, Булыжная ограда
minecraft:cobblestone_wall:1, Замшелая булыжная ограда
minecraft:wooden_button, Кнопка
minecraft:anvil:0, Наковальня
minecraft:anvil:1, Повреждённая наковальня
minecraft:anvil:2, Сильно повреждённая наковальня
minecraft:trapped_chest, Сундук-ловушка
minecraft:light_weighted_pressure_plate, Весовая пластина
minecraft:heavy_weighted_pressure_plate, Большегрузная весовая пластина
minecraft:daylight_detector, Датчик дневного света
minecraft:redstone_block, Редстоуновый блок
minecraft:quartz_ore, Незер-кварцевая руда
minecraft:hopper, Воронка
minecraft:quartz_block:0, Кварцевый блок
minecraft:quartz_block:1, Резной кварцевый блок
minecraft:quartz_block:2, Кварцевая колонна
minecraft:quartz_stairs, Кварцевые ступеньки
minecraft:activator_rail, Активирующие рельсы
minecraft:dropper, Выбрасыватель
minecraft:stained_hardened_clay:0, Белая керамика
minecraft:stained_hardened_clay:1, Оранжевая керамика
minecraft:stained_hardened_clay:2, Пурпурная керамика
minecraft:stained_hardened_clay:3, Голубая керамика
minecraft:stained_hardened_clay:4, Жёлтая керамика
minecraft:stained_hardened_clay:5, Лаймовая керамика
minecraft:stained_hardened_clay:6, Розовая керамика
minecraft:stained_hardened_clay:7, Серая керамика
minecraft:stained_hardened_clay:8, Светло-серая керамика
minecraft:stained_hardened_clay:9, Бирюзовая керамика
minecraft:stained_hardened_clay:10, Фиолетовая керамика
minecraft:stained_hardened_clay:11, Синяя керамика
minecraft:stained_hardened_clay:12, Коричневая керамика
minecraft:stained_hardened_clay:13, Зелёная керамика
minecraft:stained_hardened_clay:14, Красная керамика
minecraft:stained_hardened_clay:15, Чёрная керамика
minecraft:stained_glass_pane:0, Белая стеклянная панель
minecraft:stained_glass_pane:1, Оранжевая стеклянная панель
minecraft:stained_glass_pane:2, Пурпурная стеклянная панель
minecraft:stained_glass_pane:3, Голубая стеклянная панель
minecraft:stained_glass_pane:4, Жёлтая стеклянная панель
minecraft:stained_glass_pane:5, Лаймовая стеклянная панель
minecraft:stained_glass_pane:6, Розовая стеклянная панель
minecraft:stained_glass_pane:7, Серая стеклянная панель
minecraft:stained_glass_pane:8, Светло-серая стеклянная панель
minecraft:stained_glass_pane:9, Бирюзовая стеклянная панель
minecraft:stained_glass_pane:10, Фиолетовая стеклянная панель
minecraft:stained_glass_pane:11, Синяя стеклянная панель
minecraft:stained_glass_pane:12, Коричневая стеклянная панель
minecraft:stained_glass_pane:13, Зелёная стеклянная панель
minecraft:stained_glass_pane:14, Красная стеклянная панель
minecraft:stained_glass_pane:15, Чёрная стеклянная панель
minecraft:leaves2:0, Листья акации
minecraft:leaves2:1, Листья тёмного дуба
minecraft:log2:0, Акация
minecraft:log2:1, Тёмный дуб
minecraft:acacia_stairs, Акациевые ступеньки
minecraft:dark_oak_stairs, Ступеньки из тёмного дуба
minecraft:slime, Блок слизи
minecraft:barrier, Барьер
minecraft:iron_trapdoor, Железный люк
minecraft:prismarine:0, Призмарин
minecraft:prismarine:1, Призмариновые кирпичи
minecraft:prismarine:2, Тёмный призмарин
minecraft:sea_lantern, Морской фонарь
minecraft:hay_block, Сноп сена
minecraft:carpet:0, Белый ковёр
minecraft:carpet:1, Оранжевый ковёр
minecraft:carpet:2, Пурпурный ковёр
minecraft:carpet:3, Голубой ковёр
minecraft:carpet:4, Жёлтый ковёр
minecraft:carpet:5, Лаймовый ковёр
minecraft:carpet:6, Розовый ковёр
minecraft:carpet:7, Серый ковёр
minecraft:carpet:8, Светло-серый ковёр
minecraft:carpet:9, Бирюзовый ковёр
minecraft:carpet:10, Фиолетовый ковёр
minecraft:carpet:11, Синий ковёр
minecraft:carpet:12, Коричневый ковёр
minecraft:carpet:13, Зелёный ковёр
minecraft:carpet:14, Красный ковёр
minecraft:carpet:15, Чёрный ковёр
minecraft:hardened_clay, Терракота
minecraft:coal_block, Угольный блок
minecraft:packed_ice, Плотный лёд
minecraft:double_plant:0, Подсолнух
minecraft:double_plant:1, Сирень
minecraft:double_plant:2, Высокая трава
minecraft:double_plant:3, Раскидистый папоротник
minecraft:double_plant:4, Розовый куст
minecraft:double_plant:5, Пион
minecraft:red_sandstone:0, Красный песчаник
minecraft:red_sandstone:1, Резной красный песчаник
minecraft:red_sandstone:2, Гладкий красный песчаник
minecraft:red_sandstone_stairs, Ступеньки из красного песчаника
minecraft:stone_slab2:0, Плита из красного песчаника
minecraft:spruce_fence_gate, Еловая калитка
minecraft:birch_fence_gate, Берёзовая калитка
minecraft:jungle_fence_gate, Калитка из тропического дерева
minecraft:dark_oak_fence_gate, Калитка из тёмного дуба
minecraft:acacia_fence_gate, Акациевая калитка
minecraft:spruce_fence, Еловый забор
minecraft:birch_fence, Берёзовый забор
minecraft:jungle_fence, Забор из тропического дерева
minecraft:dark_oak_fence, Забор из тёмного дуба
minecraft:acacia_fence, Акациевый забор
minecraft:end_rod, Стержень Энда
minecraft:chorus_plant, Хорус
minecraft:chorus_flower, Цветок хоруса
minecraft:purpur_block, Пурпур
minecraft:purpur_pillar, Пурпуровый пилон
minecraft:purpur_stairs, Пурпуровые ступеньки
minecraft:purpur_slab:0, Пурпуровая плита
minecraft:end_bricks, Эндерняковые кирпичи
minecraft:grass_path, Тропа
minecraft:repeating_command_block, Повторяющий командный блок
minecraft:chain_command_block, Последовательный командный блок
minecraft:magma, Магма
minecraft:nether_wart_block, Блок нароста из Незера
minecraft:red_nether_brick, Красный незеритовый кирпич
minecraft:bone_block, Костный блок
minecraft:structure_void, Пустой блок
minecraft:observer, Наблюдатель
minecraft:white_shulker_box, Белый шалкеровый ящик
minecraft:orange_shulker_box, Оранжевый шалкеровый ящик
minecraft:magenta_shulker_box, Пурпурный шалкеровый ящик
minecraft:light_blue_shulker_box, Голубой шалкеровый ящик
minecraft:yellow_shulker_box, Жёлтый шалкеровый ящик
minecraft:lime_shulker_box, Лаймовый шалкеровый ящик
minecraft:pink_shulker_box, Розовый шалкеровый ящик
minecraft:gray_shulker_box, Серый шалкеровый ящик
minecraft:silver_shulker_box, Светло-серый шалкеровый ящик
minecraft:cyan_shulker_box, Бирюзовый шалкеровый ящик
minecraft:purple_shulker_box, Фиолетовый шалкеровый ящик
minecraft:blue_shulker_box, Синий шалкеровый ящик
minecraft:brown_shulker_box, Коричневый шалкеровый ящик
minecraft:green_shulker_box, Зелёный шалкеровый ящик
minecraft:red_shulker_box, Красный шалкеровый ящик
minecraft:black_shulker_box, Чёрный шалкеровый ящик
minecraft:white_glazed_terracotta, Белая глазурованная керамика
minecraft:orange_glazed_terracotta, Оранжевая глазурованная керамика
minecraft:magenta_glazed_terracotta, Пурпурная глазурованная керамика
minecraft:light_blue_glazed_terracotta, Голубая глазурованная керамика
minecraft:yellow_glazed_terracotta, Жёлтая глазурованная керамика
minecraft:lime_glazed_terracotta, Лаймовая глазурованная керамика
minecraft:pink_glazed_terracotta, Розовая глазурованная керамика
minecraft:gray_glazed_terracotta, Серая глазурованная керамика
minecraft:silver_glazed_terracotta, Светло-серая глазурованная керамика
minecraft:cyan_glazed_terracotta, Бирюзовая глазурованная керамика
minecraft:purple_glazed_terracotta, Фиолетовая глазурованная керамика
minecraft:blue_glazed_terracotta, Синяя глазурованная керамика
minecraft:brown_glazed_terracotta, Коричневая глазурованная керамика
minecraft:green_glazed_terracotta, Зелёная глазурованная керамика
minecraft:red_glazed_terracotta, Красная глазурованная керамика
minecraft:black_glazed_terracotta, Чёрная глазурованная керамика
minecraft:concrete:0, Белый бетон
minecraft:concrete:1, Оранжевый бетон
minecraft:concrete:2, Пурпурный бетон
minecraft:concrete:3, Голубой бетон
minecraft:concrete:4, Жёлтый бетон
minecraft:concrete:5, Лаймовый бетон
minecraft:concrete:6, Розовый бетон
minecraft:concrete:7, Серый бетон
minecraft:concrete:8, Светло-серый бетон
minecraft:concrete:9, Бирюзовый бетон
minecraft:concrete:10, Фиолетовый бетон
minecraft:concrete:11, Синий бетон
minecraft:concrete:12, Коричневый бетон
minecraft:concrete:13, Зелёный бетон
minecraft:concrete:14, Красный бетон
minecraft:concrete:15, Чёрный бетон
minecraft:concrete_powder:0, Белый цемент
minecraft:concrete_powder:1, Оранжевый цемент
minecraft:concrete_powder:2, Пурпурный цемент
minecraft:concrete_powder:3, Голубой цемент
minecraft:concrete_powder:4, Жёлтый цемент
minecraft:concrete_powder:5, Лаймовый цемент
minecraft:concrete_powder:6, Розовый цемент
minecraft:concrete_powder:7, Серый цемент
minecraft:concrete_powder:8, Светло-серый цемент
minecraft:concrete_powder:9, Бирюзовый цемент
minecraft:concrete_powder:10, Фиолетовый цемент
minecraft:concrete_powder:11, Синий цемент
minecraft:concrete_powder:12, Коричневый цемент
minecraft:concrete_powder:13, Зелёный цемент
minecraft:concrete_powder:14, Красный цемент
minecraft:concrete_powder:15, Чёрный цемент
minecraft:structure_block, Блок-конструктор
minecraft:iron_shovel, Железная лопата
minecraft:iron_pickaxe, Железная кирка
minecraft:iron_axe, Железный топор
minecraft:flint_and_steel, Огниво
minecraft:apple, Яблоко
minecraft:bow, Лук
minecraft:arrow, Стрела
minecraft:coal:0, Уголь
minecraft:coal:1, Древесный уголь
minecraft:diamond, Алмаз
minecraft:iron_ingot, Железный слиток
minecraft:gold_ingot, Золотой слиток
minecraft:iron_sword, Железный меч
minecraft:wooden_sword, Деревянный меч
minecraft:wooden_shovel, Деревянная лопата
minecraft:wooden_pickaxe, Деревянная кирка
minecraft:wooden_axe, Деревянный топор
minecraft:stone_sword, Каменный меч
minecraft:stone_shovel, Каменная лопата
minecraft:stone_pickaxe, Каменная кирка
minecraft:stone_axe, Каменный топор
minecraft:diamond_sword, Алмазный меч
minecraft:diamond_shovel, Алмазная лопата
minecraft:diamond_pickaxe, Алмазная кирка
minecraft:diamond_axe, Алмазный топор
minecraft:stick, Палка
minecraft:bowl, Миска
minecraft:mushroom_stew, Тушёные грибы
minecraft:golden_sword, Золотой меч
minecraft:golden_shovel, Золотая лопата
minecraft:golden_pickaxe, Золотая кирка
minecraft:golden_axe, Золотой топор
minecraft:string, Нить
minecraft:feather, Перо
minecraft:gunpowder, Порох
minecraft:wooden_hoe, Деревянная мотыга
minecraft:stone_hoe, Каменная мотыга
minecraft:iron_hoe, Железная мотыга
minecraft:diamond_hoe, Алмазная мотыга
minecraft:golden_hoe, Золотая мотыга
minecraft:wheat_seeds, Семена пшеницы
minecraft:wheat, Пшеница
minecraft:bread, Хлеб
minecraft:leather_helmet, Кожаный шлем
minecraft:leather_chestplate, Кожаная куртка
minecraft:leather_leggings, Кожаные штаны
minecraft:leather_boots, Кожаные ботинки
minecraft:chainmail_helmet, Койф
minecraft:chainmail_chestplate, Кольчуга
minecraft:chainmail_leggings, Кольчужные поножи
minecraft:chainmail_boots, Кольчужные ботинки
minecraft:iron_helmet, Железный шлем
minecraft:iron_chestplate, Железный нагрудник
minecraft:iron_leggings, Железные поножи
minecraft:iron_boots, Железные ботинки
minecraft:diamond_helmet, Алмазный шлем
minecraft:diamond_chestplate, Алмазный нагрудник
minecraft:diamond_leggings, Алмазные поножи
minecraft:diamond_boots, Алмазные ботинки
minecraft:golden_helmet, Золотой шлем
minecraft:golden_chestplate, Золотой нагрудник
minecraft:golden_leggings, Золотые поножи
minecraft:golden_boots, Золотые ботинки
minecraft:flint, Кремень
minecraft:porkchop, Сырая свинина
minecraft:cooked_porkchop, Жареная свинина
minecraft:painting, Картина
minecraft:golden_apple:0, Золотое яблоко
minecraft:golden_apple:1, Золотое яблоко
minecraft:sign, Табличка
minecraft:wooden_door, Дубовая дверь
minecraft:bucket, Ведро
minecraft:water_bucket, Ведро воды
minecraft:lava_bucket, Ведро лавы
minecraft:minecart, Вагонетка
minecraft:saddle, Седло
minecraft:iron_door, Железная дверь
minecraft:redstone, Редстоун
minecraft:snowball, Снежок
minecraft:boat, Дубовая лодка
minecraft:leather, Кожа
minecraft:milk_bucket, Молоко
minecraft:brick, Кирпич
minecraft:clay_ball, Глина
minecraft:reeds, Сахарный тростник
minecraft:paper, Бумага
minecraft:book, Книга
minecraft:slime_ball, Сгусток слизи
minecraft:chest_minecart, Грузовая вагонетка
minecraft:furnace_minecart, Самоходная вагонетка
minecraft:egg, Яйцо
minecraft:compass, Компас
minecraft:fishing_rod, Удочка
minecraft:clock, Часы
minecraft:glowstone_dust, Светокаменная пыль
minecraft:fish:0, Сырая треска
minecraft:fish:1, Сырой лосось
minecraft:fish:2, Рыба-клоун
minecraft:fish:3, Иглобрюх
minecraft:cooked_fish:0, Жареная треска
minecraft:cooked_fish:1, Жареный лосось
minecraft:dye:0, Чернильный мешок
minecraft:dye:1, Красный краситель
minecraft:dye:2, Зелёный краситель
minecraft:dye:3, Какао-бобы
minecraft:dye:4, Лазурит
minecraft:dye:5, Фиолетовый краситель
minecraft:dye:6, Бирюзовый краситель
minecraft:dye:7, Светло-серый краситель
minecraft:dye:8, Серый краситель
minecraft:dye:9, Розовый краситель
minecraft:dye:10, Лаймовый краситель
minecraft:dye:11, Жёлтый краситель
minecraft:dye:12, Голубой краситель
minecraft:dye:13, Пурпурный краситель
minecraft:dye:14, Оранжевый краситель
minecraft:dye:15, Костная мука
minecraft:bone, Кость
minecraft:sugar, Сахар
minecraft:cake, Торт
minecraft:bed:0, Белая кровать
minecraft:bed:1, Оранжевая кровать
minecraft:bed:2, Пурпурная кровать
minecraft:bed:3, Голубая кровать
minecraft:bed:4, Жёлтая кровать
minecraft:bed:5, Лаймовая кровать
minecraft:bed:6, Розовая кровать
minecraft:bed:7, Серая кровать
minecraft:bed:8, Светло-серая кровать
minecraft:bed:9, Бирюзовая кровать
minecraft:bed:10, Фиолетовая кровать
minecraft:bed:11, Синяя кровать
minecraft:bed:12, Коричневая кровать
minecraft:bed:13, Зелёная кровать
minecraft:bed:14, Красная кровать
minecraft:bed:15, Чёрная кровать
minecraft:repeater, Редстоуновый повторитель
minecraft:cookie, Печенье
minecraft:filled_map:0, Карта
minecraft:shears, Ножницы
minecraft:melon, Арбуз
minecraft:pumpkin_seeds, Семена тыквы
minecraft:melon_seeds, Семена арбуза
minecraft:beef, Сырая говядина
minecraft:cooked_beef, Стейк
minecraft:chicken, Курятина
minecraft:cooked_chicken, Жареная курица
minecraft:rotten_flesh, Гнилая плоть
minecraft:ender_pearl, Эндер-жемчуг
minecraft:blaze_rod, Огненный стержень
minecraft:ghast_tear, Слеза гаста
minecraft:gold_nugget, Кусочек золота
minecraft:nether_wart, Нарост из Незера
minecraft:potion, Зелье
minecraft:glass_bottle, Пузырёк
minecraft:spider_eye, Паучий глаз
minecraft:fermented_spider_eye, Маринованный паучий глаз
minecraft:blaze_powder, Огненный порошок
minecraft:magma_cream, Сгусток магмы
minecraft:brewing_stand, Зельеварка
minecraft:cauldron, Котёл
minecraft:ender_eye, Око Эндера
minecraft:speckled_melon, Сверкающий арбуз
minecraft:spawn_egg, Яйцо призыва —
minecraft:experience_bottle, Пузырёк опыта
minecraft:fire_charge, Огненный заряд
minecraft:writable_book, Книга и перо
minecraft:written_book, Завершённая книга
minecraft:emerald, Изумруд
minecraft:item_frame, Рамка
minecraft:flower_pot, Цветочный горшок
minecraft:carrot, Морковь
minecraft:potato, Картофель
minecraft:baked_potato, Печёный картофель
minecraft:poisonous_potato, Ядовитый картофель
minecraft:map, Чистая карта
minecraft:golden_carrot, Золотая морковь
minecraft:skull:0, Череп
minecraft:skull:1, Череп визер-скелета
minecraft:skull:2, Голова зомби
minecraft:skull:3, Голова
minecraft:skull:4, Голова крипера
minecraft:skull:5, Голова дракона
minecraft:carrot_on_a_stick, Удочка с морковкой
minecraft:nether_star, Звезда из Незера
minecraft:pumpkin_pie, Тыквенный пирог
minecraft:fireworks, Фейерверк
minecraft:firework_charge, Пиротехническая звезда
minecraft:enchanted_book, Чародейская книга
minecraft:comparator, Редстоуновый компаратор
minecraft:netherbrick, Незеритовый кирпич
minecraft:quartz, Незер-кварц
minecraft:tnt_minecart, Вагонетка с динамитом
minecraft:hopper_minecart, Загрузочная вагонетка
minecraft:prismarine_shard, Осколок призмарина
minecraft:prismarine_crystals, Кристалл призмарина
minecraft:rabbit, Сырая крольчатина
minecraft:cooked_rabbit, Жареная крольчатина
minecraft:rabbit_stew, Тушёный кролик
minecraft:rabbit_foot, Кроличья лапка
minecraft:rabbit_hide, Кроличья шкурка
minecraft:armor_stand, Стойка для брони
minecraft:iron_horse_armor, Железная конская броня
minecraft:golden_horse_armor, Золотая конская броня
minecraft:diamond_horse_armor, Алмазная конская броня
minecraft:lead, Поводок
minecraft:name_tag, Бирка
minecraft:command_block_minecart, Вагонетка с командным блоком
minecraft:mutton, Сырая баранина
minecraft:cooked_mutton, Жареная баранина
minecraft:banner:15, Белый флаг
minecraft:banner:14, Оранжевый флаг
minecraft:banner:13, Пурпурный флаг
minecraft:banner:12, Голубой флаг
minecraft:banner:11, Жёлтый флаг
minecraft:banner:10, Лаймовый флаг
minecraft:banner:9, Розовый флаг
minecraft:banner:8, Серый флаг
minecraft:banner:7, Светло-серый флаг
minecraft:banner:6, Бирюзовый флаг
minecraft:banner:5, Фиолетовый флаг
minecraft:banner:4, Синий флаг
minecraft:banner:3, Коричневый флаг
minecraft:banner:2, Зелёный флаг
minecraft:banner:1, Красный флаг
minecraft:banner:0, Чёрный флаг
minecraft:end_crystal, Кристалл Энда
minecraft:spruce_door, Еловая дверь
minecraft:birch_door, Берёзовая дверь
minecraft:jungle_door, Дверь из тропического дерева
minecraft:acacia_door, Акациевая дверь
minecraft:dark_oak_door, Дверь из тёмного дуба
minecraft:chorus_fruit, Плод хоруса
minecraft:chorus_fruit_popped, Прожаренный плод хоруса
minecraft:beetroot, Свёкла
minecraft:beetroot_seeds, Семена свёклы
minecraft:beetroot_soup, Свекольный суп
minecraft:dragon_breath, Драконье дыхание
minecraft:splash_potion, Взрывное зелье
minecraft:spectral_arrow, Спектральная стрела
minecraft:tipped_arrow, Обработанная стрела
minecraft:lingering_potion, Туманное зелье
minecraft:shield, Щит
minecraft:elytra, Элитры
minecraft:spruce_boat, Еловая лодка
minecraft:birch_boat, Берёзовая лодка
minecraft:jungle_boat, Лодка из тропического дерева
minecraft:acacia_boat, Акациевая лодка
minecraft:dark_oak_boat, Лодка из тёмного дуба
minecraft:totem_of_undying, Тотем бессмертия
minecraft:shulker_shell, Панцирь шалкера
minecraft:iron_nugget, Кусочек железа
minecraft:knowledge_book, Книга знаний
minecraft:record_13, Пластинка
minecraft:record_cat, Пластинка
minecraft:record_blocks, Пластинка
minecraft:record_chirp, Пластинка
minecraft:record_far, Пластинка
minecraft:record_mall, Пластинка
minecraft:record_mellohi, Пластинка
minecraft:record_stal, Пластинка
minecraft:record_strad, Пластинка
minecraft:record_ward, Пластинка
minecraft:record_11, Пластинка
minecraft:record_wait, Пластинка
ic2:te:1, Промышленный динамит
ic2:te:2, Ядерная бомба
ic2:te:3, Генератор
ic2:te:4, Геотермальный генератор
ic2:te:5, Кинетический генератор
ic2:te:6, Радиоизотопный термоэлектрический генератор
ic2:te:7, Полужидкостный генератор
ic2:te:8, Солнечная панель
ic2:te:9, Генератор Стирлинга
ic2:te:10, Гидрогенератор
ic2:te:11, Ветрогенератор
ic2:te:12, Электрический теплогенератор
ic2:te:13, Жидкостный теплогенератор
ic2:te:14, Радиоизотопный теплогенератор
ic2:te:15, Твердотопливный теплогенератор
ic2:te:16, Электрический кинетический генератор
ic2:te:17, Ручной кинетический генератор
ic2:te:18, Кинетический парогенератор
ic2:te:19, Кинетический генератор Стирлинга
ic2:te:20, Кинетический гидрогенератор
ic2:te:21, Кинетический ветрогенератор
ic2:te:22, Ядерный реактор
ic2:te:23, Реакторный люк
ic2:te:24, Реакторная камера
ic2:te:25, Реакторный насос-порт
ic2:te:26, Реакторный проводник красного сигнала
ic2:te:27, Конденсатор пара
ic2:te:28, Разливочная машина
ic2:te:29, Жидкостный распределитель
ic2:te:30, Регулятор жидкости
ic2:te:31, Жидкостный теплообменник
ic2:te:32, Помпа
ic2:te:33, Солнечный опреснитель
ic2:te:34, Парогенератор
ic2:te:35, Предметный буфер
ic2:te:36, Электролампа
ic2:te:37, Намагничиватель
ic2:te:38, Электрическая сортирующая машина
ic2:te:39, Телепорт
ic2:te:40, Терраформер
ic2:te:41, Катушка Теслы
ic2:te:42, Наполнитель
ic2:te:43, Сжиматель
ic2:te:44, Электрическая печь
ic2:te:45, Экстрактор
ic2:te:46, Железная печь
ic2:te:47, Дробитель
ic2:te:48, Утилизатор
ic2:te:49, Консервирующая машина
ic2:te:50, Доменная печь
ic2:te:51, Режущая машина
ic2:te:52, Тепловая центрифуга
ic2:te:53, Ферментер
ic2:te:54, Индукционная печь
ic2:te:55, Металлоформовочная машина
ic2:te:56, Рудопромывочная машина
ic2:te:57, Улучшенная буровая установка
ic2:te:58, Сборщик урожая
ic2:te:59, Автосадовник
ic2:te:60, Буровая установка
ic2:te:92, Генератор материи
ic2:te:93, Сборочный стол для материи
ic2:te:61, Генератор жидкой материи
ic2:te:62, Хранилище шаблонов
ic2:te:63, Репликатор
ic2:te:64, Сканер
ic2:te:65, Энергообменник
ic2:te:66, Личный сейф
ic2:te:67, Ресурсообменник
ic2:te:94, Trading Terminal
ic2:te:68, Заряжающая плита (Эн.хр)
ic2:te:68, Заряжающая плита (Эн.хр)
ic2:te:69, Заряжающая плита (МЭСН)
ic2:te:69, Заряжающая плита (МЭСН)
ic2:te:70, Заряжающая плита (МФЭ)
ic2:te:70, Заряжающая плита (МФЭ)
ic2:te:71, Заряжающая плита (МФСУ)
ic2:te:71, Заряжающая плита (МФСУ)
ic2:te:72, Энергохранилище
ic2:te:72, Энергохранилище
ic2:te:73, МЭСН
ic2:te:73, МЭСН
ic2:te:74, МФЭ
ic2:te:74, МФЭ
ic2:te:75, МФСУ
ic2:te:75, МФСУ
ic2:te:76, Электролизёр
ic2:te:77, Трансформатор НН
ic2:te:78, Трансформатор СН
ic2:te:79, Трансформатор ВН
ic2:te:80, Трансформатор СВН
ic2:te:81, Бак
ic2:te:82, Загрузчик чанков
ic2:te:83, Компактный предметный буфер
ic2:te:86, Творческий генератор
ic2:te:87, Преобразователь пара
ic2:te:90, Весовой жидкостный распределитель
ic2:te:91, Весовой предметный распределитель
ic2:te:84, Впрыскиватель реакторного хладагента (красного)
ic2:te:85, Впрыскиватель реакторного хладагента (лазуритового)
ic2:te:88, Промышленный верстак
ic2:te:89, Автоматический верстак
ic2:te:100, Коксовая батарея
ic2:te:101, Люк коксовой батареи
ic2:te:102, Поддон коксовой батареи
ic2:te:111, Деревянный контейнер
ic2:te:112, Железный контейнер
ic2:te:113, Бронзовый контейнер
ic2:te:114, Стальной контейнер
ic2:te:115, Иридиевый контейнер
ic2:te:131, Бронзовый бак
ic2:te:132, Железный бак
ic2:te:133, Стальной бак
ic2:te:134, Иридиевый бак
advanced_solar_panels:machines:0, Молекулярный преобразователь
advanced_solar_panels:machines:1, Квантовый генератор
advanced_solar_panels:machines:2, Улучшенная солнечная панель
advanced_solar_panels:machines:3, Гибридная солнечная панель
advanced_solar_panels:machines:4, Ультимейтная солнечная панель
advanced_solar_panels:machines:5, Квантовая солнечная панель
advanced_machines:machines:0, Вращающийся дробитель
advanced_machines:machines:1, Сингулярный компрессор
advanced_machines:machines:2, Центробежный экстрактор
advanced_machines:machines:3, Уплотняющий утилизатор
advanced_machines:machines:4, Растворяющий экструдер
advanced_machines:machines:5, Крыльчатый каток
advanced_machines:machines:6, Водоструйный резак
advanced_machines:machines:7, Термический промыватель
ic2:resource:0, Базальт
ic2:resource:1, Медная руда
ic2:resource:2, Свинцовая руда
ic2:resource:3, Оловянная руда
ic2:resource:4, Урановая руда
ic2:resource:5, Бронзовый блок
ic2:resource:6, Медный блок
ic2:resource:7, Свинцовый блок
ic2:resource:8, Стальной блок
ic2:resource:9, Оловянный блок
ic2:resource:10, Урановый блок
ic2:resource:11, Укреплённый камень
ic2:resource:12, Базовый корпус машины
ic2:resource:13, Улучшенный корпус машины
ic2:resource:14, Реакторный корпус
ic2:resource:15, Серебряный блок
ic2:leaves, ic2.leaves.name
ic2:rubber_wood, ic2.rubber_wood.name
ic2:sapling, ic2.sapling.rubber.name
ic2:scaffold:0, Леса
ic2:scaffold:1, Укреплённые леса
ic2:scaffold:2, Железные леса
ic2:scaffold:3, Укреплённые железные леса
ic2:fence:0, Железный забор
ic2:sheet:0, Латексный лист
ic2:sheet:1, Резиновый лист
ic2:sheet:2, Шерстяной лист
ic2:glass:0, Укреплённое стекло
ic2:foam:0, Строительная пена
ic2:foam:1, Укреплённая строительная пена
ic2:wall:0, Чёрный пенобетон
ic2:wall:1, Синий пенобетон
ic2:wall:2, Коричневый пенобетон
ic2:wall:3, Бирюзовый пенобетон
ic2:wall:4, Серый пенобетон
ic2:wall:5, Зелёный пенобетон
ic2:wall:6, Голубой пенобетон
ic2:wall:7, Светло-серый пенобетон
ic2:wall:8, Лаймовый пенобетон
ic2:wall:9, Сиреневый пенобетон
ic2:wall:10, Оранжевый пенобетон
ic2:wall:11, Розовый пенобетон
ic2:wall:12, Фиолетовый пенобетон
ic2:wall:13, Красный пенобетон
ic2:wall:14, Белый пенобетон
ic2:wall:15, Жёлтый пенобетон
ic2:mining_pipe:0, Буровая труба
ic2:reinforced_door, ic2.reinforced_door.name
ic2:refractory_bricks, ic2.refractory_bricks.name
ic2:uu_matter, ic2.uu_matter.name
ic2:construction_foam, ic2.construction_foam.name
ic2:coolant, ic2.coolant.name
ic2:creosote, ic2.creosote.name
ic2:hot_coolant, ic2.hot_coolant.name
ic2:pahoehoe_lava, ic2.pahoehoe_lava.name
ic2:biomass, ic2.biomass.name
ic2:biogas, ic2.biogas.name
ic2:distilled_water, ic2.distilled_water.name
ic2:superheated_steam, ic2.superheated_steam.name
ic2:steam, ic2.steam.name
ic2:hot_water, ic2.hot_water.name
ic2:weed_ex, ic2.weed_ex.name
ic2:air, ic2.air.name
ic2:hydrogen, ic2.hydrogen.name
ic2:oxygen, ic2.oxygen.name
ic2:heavy_water, ic2.heavy_water.name
ic2:milk, ic2.milk.name
ic2:advanced_batpack, ic2.advanced_batpack.name
ic2:alloy_chestplate, ic2.alloy_chestplate.name
ic2:batpack, ic2.batpack.name
ic2:bronze_boots, ic2.bronze_boots.name
ic2:bronze_chestplate, ic2.bronze_chestplate.name
ic2:bronze_helmet, ic2.bronze_helmet.name
ic2:bronze_leggings, ic2.bronze_leggings.name
ic2:cf_pack, ic2.cf_pack.name
ic2:energy_pack, ic2.energy_pack.name
ic2:hazmat_chestplate, ic2.hazmat_chestplate.name
ic2:hazmat_helmet, ic2.hazmat_helmet.name
ic2:hazmat_leggings, ic2.hazmat_leggings.name
ic2:jetpack, ic2.jetpack.name
ic2:jetpack_electric, ic2.jetpack_electric.name
ic2:lappack, ic2.lappack.name
ic2:nano_boots, ic2.nano_boots.name
ic2:nano_chestplate, ic2.nano_chestplate.name
ic2:nano_helmet, ic2.nano_helmet.name
ic2:nano_leggings, ic2.nano_leggings.name
ic2:nightvision_goggles, ic2.nightvision_goggles.name
ic2:quantum_boots, ic2.quantum_boots.name
ic2:quantum_chestplate, ic2.quantum_chestplate.name
ic2:quantum_helmet, ic2.quantum_helmet.name
ic2:quantum_leggings, ic2.quantum_leggings.name
ic2:rubber_boots, ic2.rubber_boots.name
ic2:solar_helmet, ic2.solar_helmet.name
ic2:static_boots, ic2.static_boots.name
ic2:boat:0, Повреждённая резиновая шлюпка
ic2:boat:1, Резиновая шлюпка
ic2:boat:2, Углепластиковое каноэ
ic2:boat:3, Электролодка
ic2:barrel, ic2.barrel.name
ic2:mug:0, Каменная кружка
ic2:mug:1, Холодный кофе
ic2:mug:2, Тёмный кофе
ic2:mug:3, Кофе
ic2:booze_mug, ic2.booze_mug.name
ic2:crushed:0, Измельчённая медная руда
ic2:crushed:1, Измельчённая золотая руда
ic2:crushed:2, Измельчённая железная руда
ic2:crushed:3, Измельчённая свинцовая руда
ic2:crushed:4, Измельчённая серебряная руда
ic2:crushed:5, Измельчённая оловянная руда
ic2:crushed:6, Измельчённая урановая руда
ic2:purified:0, Очищенная измельчённая медная руда
ic2:purified:1, Очищенная измельчённая золотая руда
ic2:purified:2, Очищенная измельчённая железная руда
ic2:purified:3, Очищенная измельчённая свинцовая руда
ic2:purified:4, Очищенная измельчённая серебряная руда
ic2:purified:5, Очищенная измельчённая оловянная руда
ic2:purified:6, Очищенная измельчённая урановая руда
ic2:dust:0, Бронзовая пыль
ic2:dust:1, Глиняная пыль
ic2:dust:2, Угольная пыль
ic2:dust:3, Гидратированная угольная пыль
ic2:dust:4, Медная пыль
ic2:dust:5, Алмазная пыль
ic2:dust:6, Энергетическая пыль
ic2:dust:7, Золотая пыль
ic2:dust:8, Железная пыль
ic2:dust:9, Лазуритовая пыль
ic2:dust:10, Свинцовая пыль
ic2:dust:11, Литиевая пыль
ic2:dust:12, Обсидиановая пыль
ic2:dust:13, Диоксид кремния
ic2:dust:14, Серебряная пыль
ic2:dust:15, Каменная пыль
ic2:dust:16, Серная пыль
ic2:dust:17, Оловянная пыль
ic2:dust:18, Небольшая кучка бронзовой пыли
ic2:dust:19, Небольшая кучка медной пыли
ic2:dust:20, Небольшая кучка золотой пыли
ic2:dust:21, Небольшая кучка железной пыли
ic2:dust:22, Небольшая кучка лазуритовой пыли
ic2:dust:23, Небольшая кучка свинцовой пыли
ic2:dust:24, Небольшая кучка литиевой пыли
ic2:dust:25, Небольшая кучка обсидиановой пыли
ic2:dust:26, Небольшая кучка серебряной пыли
ic2:dust:27, Небольшая кучка серной пыли
ic2:dust:28, Небольшая кучка оловянной пыли
ic2:dust:29, Гидратированная оловянная пыль
ic2:dust:30, Netherrack Dust
ic2:dust:31, Ender Pearl Dust
ic2:dust:32, Ender Eye Dust
ic2:dust:33, Milk Powder
ic2:dust:34, Emerald Dust
ic2:dust:35, Tiny Pile of Emerald Dust
ic2:dust:36, Tiny Pile of Diamond Dust
ic2:ingot:0, Композитный слиток
ic2:ingot:1, Бронзовый слиток
ic2:ingot:2, Медный слиток
ic2:ingot:3, Свинцовый слиток
ic2:ingot:4, Серебряный слиток
ic2:ingot:5, Стальной слиток
ic2:ingot:6, Оловянный слиток
ic2:plate:0, Бронзовая пластина
ic2:plate:1, Медная пластина
ic2:plate:2, Золотая пластина
ic2:plate:3, Железная пластина
ic2:plate:4, Лазуритовая пластина
ic2:plate:5, Свинцовая пластина
ic2:plate:6, Обсидиановая пластина
ic2:plate:7, Стальная пластина
ic2:plate:8, Оловянная пластина
ic2:plate:9, Плотная бронзовая пластина
ic2:plate:10, Плотная медная пластина
ic2:plate:11, Плотная золотая пластина
ic2:plate:12, Плотная железная пластина
ic2:plate:13, Плотная лазуритовая пластина
ic2:plate:14, Плотная свинцовая пластина
ic2:plate:15, Плотная обсидиановая пластина
ic2:plate:16, Плотная стальная пластина
ic2:plate:17, Плотная оловянная пластина
ic2:casing:0, Бронзовая оболочка
ic2:casing:1, Медная оболочка
ic2:casing:2, Золотая оболочка
ic2:casing:3, Железная оболочка
ic2:casing:4, Свинцовая оболочка
ic2:casing:5, Стальная оболочка
ic2:casing:6, Оловянная оболочка
ic2:nuclear:0, Обогащённое урановое ядерное топливо
ic2:nuclear:1, Уран-235
ic2:nuclear:2, Уран-238
ic2:nuclear:3, Плутоний
ic2:nuclear:4, Ядерное топливо MOX
ic2:nuclear:5, Кусочек урана-235
ic2:nuclear:6, Кусочек урана-238
ic2:nuclear:7, Кусочек плутония
ic2:nuclear:8, Пеллеты обогащённого уранового ядерного топлива
ic2:nuclear:9, Пеллеты ядерного топлива MOX
ic2:nuclear:10, Пеллета РИТЭГ-топлива
ic2:nuclear:11, Топливный стержень (Обеднённый уран)
ic2:nuclear:12, Сдвоенный топливный стержень (Обеднённый уран)
ic2:nuclear:13, Счетверённый топливный стержень (Обеднённый уран)
ic2:nuclear:14, Топливный стержень (Обеднённый MOX)
ic2:nuclear:15, Сдвоенный топливный стержень (Обеднённый MOX)
ic2:nuclear:16, Счетверённый топливный стержень (Обеднённый MOX)
ic2:misc_resource:0, Пепел
ic2:misc_resource:1, Иридиевая руда
ic2:misc_resource:2, Осколок иридия
ic2:misc_resource:3, Материя
ic2:misc_resource:4, Латекс
ic2:misc_resource:5, Шлак
ic2:misc_resource:6, Иод
ic2:misc_resource:7, Вода
ic2:misc_resource:8, Лава
ic2:crafting:0, Резина
ic2:crafting:1, Электросхема
ic2:crafting:2, Улучшенная электросхема
ic2:crafting:3, Композит
ic2:crafting:4, Укреплённая иридиевая пластина
ic2:crafting:5, Катушка
ic2:crafting:6, Электромотор
ic2:crafting:7, Теплопровод
ic2:crafting:8, Медный нагреватель
ic2:crafting:9, Топливный стержень (Пустой)
ic2:crafting:10, Консервная банка
ic2:crafting:11, Малый силовой агрегат
ic2:crafting:12, Силовой агрегат
ic2:crafting:13, Углеволокно
ic2:crafting:14, Углеткань
ic2:crafting:15, Углепластик
ic2:crafting:16, Угольный шарик
ic2:crafting:17, Сжатый угольный шарик
ic2:crafting:18, Угольная глыба
ic2:crafting:19, Промышленный алмаз
ic2:crafting:20, Биомасса
ic2:crafting:21, Отходы
ic2:crafting:23, Утильсырьё
ic2:crafting:24, Коробка утильсырья
ic2:crafting:25, Строительный порошок
ic2:crafting:27, Необработанный кристалл памяти
ic2:crafting:29, Железный стержень
ic2:crafting:30, Стальной стержень
ic2:crafting:31, Деревянная лопасть ротора
ic2:crafting:32, Железная лопасть ротора
ic2:crafting:33, Стальная лопасть ротора
ic2:crafting:34, Углеволоконная лопасть ротора
ic2:crafting:35, Лопасть паровой турбины
ic2:crafting:36, Паровая турбина
ic2:crafting:37, Крепёж для реактивного ранца
ic2:crafting:38, Промышленная монета
ic2:crafting:41, Бронзовая лопасть ротора
ic2:crafting:42, Бронзовый стержень
ic2:block_cutting_blade:0, Железный режущий диск
ic2:block_cutting_blade:1, Стальной режущий диск
ic2:block_cutting_blade:2, Алмазный режущий диск
ic2:upgrade_kit:0, Набор улучшения МФСУ
ic2:crop_stick, ic2.crop_stick.name
ic2:crop_res:0, Кофейные зёрна
ic2:crop_res:1, Молотый кофе
ic2:crop_res:2, Удобрение
ic2:crop_res:3, Токсичная пыль
ic2:crop_res:4, Хмель
ic2:crop_res:5, Сорняк
ic2:crop_res:6, Milk Wart
ic2:crop_res:7, Oil Berry
ic2:crop_res:8, Bobs-Yer-Uncle-Ranks Berry
ic2:terra_wart, ic2.terra_wart.name
ic2:cropnalyzer, ic2.cropnalyzer.name
ic2:re_battery, ic2.re_battery.name
ic2:advanced_re_battery, ic2.advanced_re_battery.name
ic2:energy_crystal, ic2.energy_crystal.name
ic2:lapotron_crystal, ic2.lapotron_crystal.name
ic2:single_use_battery, ic2.single_use_battery.name
ic2:charging_re_battery, ic2.charging_re_battery.name
ic2:advanced_charging_re_battery, ic2.advanced_charging_re_battery.name
ic2:charging_energy_crystal, ic2.charging_energy_crystal.name
ic2:charging_lapotron_crystal, ic2.charging_lapotron_crystal.name
ic2:heat_storage, ic2.heat_storage.name
ic2:tri_heat_storage, ic2.tri_heat_storage.name
ic2:hex_heat_storage, ic2.hex_heat_storage.name
ic2:plating, ic2.plating.name
ic2:heat_plating, ic2.heat_plating.name
ic2:containment_plating, ic2.containment_plating.name
ic2:heat_exchanger, ic2.heat_exchanger.name
ic2:reactor_heat_exchanger, ic2.reactor_heat_exchanger.name
ic2:component_heat_exchanger, ic2.component_heat_exchanger.name
ic2:advanced_heat_exchanger, ic2.advanced_heat_exchanger.name
ic2:heat_vent, ic2.heat_vent.name
ic2:reactor_heat_vent, ic2.reactor_heat_vent.name
ic2:overclocked_heat_vent, ic2.overclocked_heat_vent.name
ic2:component_heat_vent, ic2.component_heat_vent.name
ic2:advanced_heat_vent, ic2.advanced_heat_vent.name
ic2:neutron_reflector, ic2.neutron_reflector.name
ic2:thick_neutron_reflector, ic2.thick_neutron_reflector.name
ic2:iridium_reflector, ic2.iridium_reflector.name
ic2:rsh_condensator, ic2.rsh_condensator.name
ic2:lzh_condensator, ic2.lzh_condensator.name
ic2:heatpack, ic2.heatpack.name
ic2:uranium_fuel_rod, ic2.uranium_fuel_rod.name
ic2:dual_uranium_fuel_rod, ic2.dual_uranium_fuel_rod.name
ic2:quad_uranium_fuel_rod, ic2.quad_uranium_fuel_rod.name
ic2:mox_fuel_rod, ic2.mox_fuel_rod.name
ic2:dual_mox_fuel_rod, ic2.dual_mox_fuel_rod.name
ic2:quad_mox_fuel_rod, ic2.quad_mox_fuel_rod.name
ic2:lithium_fuel_rod, ic2.lithium_fuel_rod.name
ic2:depleted_isotope_fuel_rod, ic2.depleted_isotope_fuel_rod.name
ic2:tfbp:0, Террачип
ic2:tfbp:1, Террачип "Охлаждение"
ic2:tfbp:2, Террачип "Озеленение"
ic2:tfbp:3, Террачип "Опустынивание"
ic2:tfbp:4, Террачип "Выравнивание"
ic2:tfbp:5, Террачип "Орошение"
ic2:tfbp:6, Террачип "Грибы"
ic2:bronze_axe, ic2.bronze_axe.name
ic2:bronze_hoe, ic2.bronze_hoe.name
ic2:bronze_pickaxe, ic2.bronze_pickaxe.name
ic2:bronze_shovel, ic2.bronze_shovel.name
ic2:bronze_sword, ic2.bronze_sword.name
ic2:cutter, ic2.cutter.name
ic2:debug_item, ic2.debug_item.name
ic2:foam_sprayer:0, Распылитель строительной пены
ic2:foam_sprayer:0, Распылитель строительной пены
ic2:forge_hammer, ic2.forge_hammer.name
ic2:frequency_transmitter, ic2.frequency_transmitter.name
ic2:meter, ic2.meter.name
ic2:tool_box, ic2.tool_box.name
ic2:treetap, ic2.treetap.name
ic2:wrench, ic2.wrench.name
ic2:wrench_new, ic2.wrench_new.name
ic2:crowbar, ic2.crowbar.name
ic2:containment_box, ic2.containment_box.name
ic2:weeding_trowel, ic2.weeding_trowel.name
ic2:crop_seed_bag, ic2.crop_seed_bag.name
ic2:advanced_scanner, ic2.advanced_scanner.name
ic2:chainsaw, ic2.chainsaw.name
ic2:diamond_drill, ic2.diamond_drill.name
ic2:drill, ic2.drill.name
ic2:electric_hoe, ic2.electric_hoe.name
ic2:electric_treetap, ic2.electric_treetap.name
ic2:electric_wrench, ic2.electric_wrench.name
ic2:iridium_drill, ic2.iridium_drill.name
ic2:mining_laser, ic2.mining_laser.name
ic2:nano_saber, ic2.nano_saber.name
ic2:obscurator, ic2.obscurator.name
ic2:scanner, ic2.scanner.name
ic2:wind_meter, ic2.wind_meter.name
ic2:painter:0, Валик
ic2:painter:0, Чёрный валик
ic2:painter:0, Синий валик
ic2:painter:0, Коричневый валик
ic2:painter:0, Бирюзовый валик
ic2:painter:0, Тёмно-серый валик
ic2:painter:0, Зелёный валик
ic2:painter:0, Голубой валик
ic2:painter:0, Светло-серый валик
ic2:painter:0, Лаймовый валик
ic2:painter:0, Сиреневый валик
ic2:painter:0, Оранжевый валик
ic2:painter:0, Розовый валик
ic2:painter:0, Фиолетовый валик
ic2:painter:0, Красный валик
ic2:painter:0, Белый валик
ic2:painter:0, Жёлтый валик
ic2:fluid_cell:0, Универсальная жидкостная капсула
ic2:fluid_cell:0, Универсальная жидкостная капсула
ic2:fluid_cell:0, Универсальная жидкостная капсула
ic2:fluid_cell:0, Универсальная жидкостная капсула
ic2:fluid_cell:0, Универсальная жидкостная капсула
ic2:fluid_cell:0, Универсальная жидкостная капсула
ic2:fluid_cell:0, Универсальная жидкостная капсула
ic2:fluid_cell:0, Универсальная жидкостная капсула
ic2:fluid_cell:0, Универсальная жидкостная капсула
ic2:fluid_cell:0, Универсальная жидкостная капсула
ic2:fluid_cell:0, Универсальная жидкостная капсула
ic2:fluid_cell:0, Универсальная жидкостная капсула
ic2:fluid_cell:0, Универсальная жидкостная капсула
ic2:fluid_cell:0, Универсальная жидкостная капсула
ic2:fluid_cell:0, Универсальная жидкостная капсула
ic2:fluid_cell:0, Универсальная жидкостная капсула
ic2:fluid_cell:0, Универсальная жидкостная капсула
ic2:fluid_cell:0, Универсальная жидкостная капсула
ic2:fluid_cell:0, Универсальная жидкостная капсула
ic2:fluid_cell:0, Универсальная жидкостная капсула
ic2:fluid_cell:0, Универсальная жидкостная капсула
ic2:fluid_cell:0, Универсальная жидкостная капсула
ic2:fluid_cell:0, Универсальная жидкостная капсула
ic2:fluid_cell:0, Универсальная жидкостная капсула
ic2:fluid_cell:0, Универсальная жидкостная капсула
ic2:fluid_cell:0, Универсальная жидкостная капсула
ic2:fluid_cell:0, Универсальная жидкостная капсула
ic2:fluid_cell:0, Универсальная жидкостная капсула
ic2:fluid_cell:0, Универсальная жидкостная капсула
ic2:fluid_cell:0, Универсальная жидкостная капсула
ic2:fluid_cell:0, Универсальная жидкостная капсула
ic2:fluid_cell:0, Универсальная жидкостная капсула
ic2:fluid_cell:0, Универсальная жидкостная капсула
ic2:fluid_cell:0, Универсальная жидкостная капсула
ic2:fluid_cell:0, Универсальная жидкостная капсула
ic2:fluid_cell:0, Универсальная жидкостная капсула
ic2:fluid_cell:0, Универсальная жидкостная капсула
ic2:fluid_cell:0, Универсальная жидкостная капсула
ic2:fluid_cell:0, Универсальная жидкостная капсула
ic2:fluid_cell:0, Универсальная жидкостная капсула
ic2:fluid_cell:0, Универсальная жидкостная капсула
ic2:fluid_cell:0, Универсальная жидкостная капсула
ic2:fluid_cell:0, Универсальная жидкостная капсула
ic2:fluid_cell:0, Универсальная жидкостная капсула
ic2:fluid_cell:0, Универсальная жидкостная капсула
ic2:fluid_cell:0, Универсальная жидкостная капсула
ic2:fluid_cell:0, Универсальная жидкостная капсула
ic2:fluid_cell:0, Универсальная жидкостная капсула
ic2:fluid_cell:0, Универсальная жидкостная капсула
ic2:fluid_cell:0, Универсальная жидкостная капсула
ic2:fluid_cell:0, Универсальная жидкостная капсула
ic2:fluid_cell:0, Универсальная жидкостная капсула
ic2:fluid_cell:0, Универсальная жидкостная капсула
ic2:fluid_cell:0, Универсальная жидкостная капсула
ic2:fluid_cell:0, Универсальная жидкостная капсула
ic2:fluid_cell:0, Универсальная жидкостная капсула
ic2:fluid_cell:0, Универсальная жидкостная капсула
ic2:fluid_cell:0, Универсальная жидкостная капсула
ic2:fluid_cell:0, Универсальная жидкостная капсула
ic2:fluid_cell:0, Универсальная жидкостная капсула
ic2:fluid_cell:0, Универсальная жидкостная капсула
ic2:fluid_cell:0, Универсальная жидкостная капсула
ic2:fluid_cell:0, Универсальная жидкостная капсула
ic2:fluid_cell:0, Универсальная жидкостная капсула
ic2:fluid_cell:0, Универсальная жидкостная капсула
ic2:fluid_cell:0, Универсальная жидкостная капсула
ic2:fluid_cell:0, Универсальная жидкостная капсула
ic2:fluid_cell:0, Универсальная жидкостная капсула
ic2:fluid_cell:0, Универсальная жидкостная капсула
ic2:fluid_cell:0, Универсальная жидкостная капсула
ic2:fluid_cell:0, Универсальная жидкостная капсула
ic2:fluid_cell:0, Универсальная жидкостная капсула
ic2:fluid_cell:0, Универсальная жидкостная капсула
ic2:fluid_cell:0, Универсальная жидкостная капсула
ic2:fluid_cell:0, Универсальная жидкостная капсула
ic2:fluid_cell:0, Универсальная жидкостная капсула
ic2:fluid_cell:0, Универсальная жидкостная капсула
ic2:fluid_cell:0, Универсальная жидкостная капсула
ic2:fluid_cell:0, Универсальная жидкостная капсула
ic2:fluid_cell:0, Универсальная жидкостная капсула
ic2:fluid_cell:0, Универсальная жидкостная капсула
ic2:fluid_cell:0, Универсальная жидкостная капсула
ic2:fluid_cell:0, Универсальная жидкостная капсула
ic2:fluid_cell:0, Универсальная жидкостная капсула
ic2:fluid_cell:0, Универсальная жидкостная капсула
ic2:fluid_cell:0, Универсальная жидкостная капсула
ic2:fluid_cell:0, Универсальная жидкостная капсула
ic2:cable:0, Медный провод
ic2:cable:0, Изолированный медный провод
ic2:cable:1, Стекловолоконный провод
ic2:cable:2, Золотой провод
ic2:cable:2, Изолированный золотой провод
ic2:cable:2, Золотой провод с двойной изоляцией
ic2:cable:3, Высоковольтный провод
ic2:cable:3, Изолированный высоковольтный провод
ic2:cable:3, Высоковольтный провод с двойной изоляцией
ic2:cable:3, Высоковольтный провод с тройной изоляцией
ic2:cable:4, Оловянный провод
ic2:cable:4, Изолированный оловянный провод
ic2:cable:5, Провод-детектор
ic2:cable:6, Провод-разъединитель
ic2:upgrade:0, Улучшение "Ускоритель"
ic2:upgrade:1, Улучшение "Трансформатор"
ic2:upgrade:2, Улучшение "Энергохранитель"
ic2:upgrade:3, Улучшение "Инвертор сигнала красного камня"
ic2:upgrade:4, Улучшение "Выталкиватель"
ic2:upgrade:5, Улучшение "Улучшенный выталкиватель"
ic2:upgrade:6, Улучшение "Затягиватель"
ic2:upgrade:7, Улучшение "Улучшенный затягиватель"
ic2:upgrade:8, Улучшение "Выталкиватель жидкостей"
ic2:upgrade:9, Улучшение "Затягиватель жидкостей"
ic2:upgrade:10, Remote Interface Upgrade
ic2:filled_tin_can, ic2.filled_tin_can.name
ic2:filled_fuel_can, ic2.filled_fuel_can.name
ic2:iodine_tablet, ic2.iodine_tablet.name
ic2:crystal_memory, ic2.crystal_memory.name
ic2:rotor_wood, ic2.rotor_wood.name
ic2:rotor_bronze, ic2.rotor_bronze.name
ic2:rotor_iron, ic2.rotor_iron.name
ic2:rotor_steel, ic2.rotor_steel.name
ic2:rotor_carbon, ic2.rotor_carbon.name
ic2:dynamite, ic2.dynamite.name
ic2:dynamite_sticky, ic2.dynamite_sticky.name
ic2:remote, ic2.remote.name
ic2:pipe:0, Тонкая бронзовая труба
ic2:pipe:0, Малая бронзовая труба
ic2:pipe:0, Средняя бронзовая труба
ic2:pipe:0, Большая бронзовая труба
ic2:pipe:1, Тонкая стальная труба
ic2:pipe:1, Малая стальная труба
ic2:pipe:1, Средняя стальная труба
ic2:pipe:1, Большая стальная труба
ic2:cover:0, Накладной насос низкого напряжения
ic2:cover:1, Накладной насос среднего напряжения
ic2:coke, ic2.coke.name
advanced_machines:sharp_plate, advanced_machines.sharp_plate.name
advanced_solar_panels:advancedsolarhelmet, advanced_solar_panels.solar_helmets.advanced.name
advanced_solar_panels:hybridsolarhelmet, advanced_solar_panels.solar_helmets.hybrid.name
advanced_solar_panels:ultimatesolarhelmet, advanced_solar_panels.solar_helmets.ultimate.name
advanced_solar_panels:crafting:0, Саннариум
advanced_solar_panels:crafting:1, Часть саннариума
advanced_solar_panels:crafting:2, Сплав саннариума
advanced_solar_panels:crafting:3, Излучающий уран
advanced_solar_panels:crafting:4, Обогащённый саннариум
advanced_solar_panels:crafting:5, Сплав обогащённого саннариума
advanced_solar_panels:crafting:6, Излучающая стеклянная панель
advanced_solar_panels:crafting:7, Иридиевая-железная пластина
advanced_solar_panels:crafting:8, Укреплённая иридиевая-железная пластина
advanced_solar_panels:crafting:9, Излучающая укреплённая пластина
advanced_solar_panels:crafting:10, Слиток иридия
advanced_solar_panels:crafting:11, Слиток урана
advanced_solar_panels:crafting:12, MT-ядро
advanced_solar_panels:crafting:13, Квантовое ядро
advanced_solar_panels:double_stone_slab, Каменная плита
betternether:block_eyeball, Блок глаза
betternether:block_eyeball_small, Маленький блок глаза
betternether:eye_seed, Глазное семечко
betternether:netherrack_moss, Мох нижнего мира
betternether:nether_grass, Трава нижнего мира
betternether:nether_reed, Тростник нижнего мира
betternether:stalagnate_stem, Сталагнат
betternether:stalagnate_seed, Семя сталагната
betternether:stalagnate_bark, Кора сталагната
betternether:stalagnate_planks, Сталагнатовые доски
betternether:stalagnate_planks_stairs, Сталагнатовые ступени
betternether:stalagnate_planks_slab_half:0, Сталагнатовая плита
betternether:stalagnate_planks_fence, Сталагнатовый забор
betternether:stalagnate_planks_gate, Сталагнатовые ворота
betternether:stalagnate_planks_button, Сталагнатовая кнопка
betternether:stalagnate_planks_plate, Сталагнатовая нажимная плита
betternether:reeds_block, Тростниковый блок
betternether:reeds_stairs, Тростниковые ступени
betternether:reeds_slab_half:0, Тростниковая плита
betternether:reeds_fence, Тростниковый забор
betternether:reeds_gate, Тростниковые ворота
betternether:reeds_button, Тростниковая кнопка
betternether:reeds_plate, Тростниковая нажимная плита
betternether:lucis_spore, Спора люциса
betternether:nether_cactus, Кактус нижнего мира
betternether:wart_seed, Семя нароста
betternether:barrel_cactus, Бочковидный кактус
betternether:agave, Агава
betternether:black_bush, Чёрный куст
betternether:ink_bush_seed, Семя чернильного куста
betternether:smoker, Курильщик
betternether:egg_plant, Яйцевидное растение
betternether:black_apple_seed, Семя чёрного яблока
betternether:magma_flower, Семя магмового цветка
betternether:nether_mycelium, Мицелий нижнего мира
betternether:orange_mushroom, Оранжевый гриб
betternether:red_mold, Красная плесень
betternether:gray_mold, Серая плесень
betternether:cincinnasite_ore, Цинцинназитовая руда
betternether:cincinnasite_block, Цинцинназитовый блок
betternether:cincinnasite_forged, Сплавленный цинцинназитовый блок
betternether:cincinnasite_pillar, Цинцинназитовая колонна
betternether:cincinnasite_bricks, Цинцинназитовые кирпичи
betternether:cincinnasite_brick_plate, Цинцинназитовая кирпичная плита
betternether:cincinnasite_stairs, Цинцинназитовые ступени
betternether:cincinnasite_slab_half:0, Цинцинназитовая плита
betternether:cincinnasite_button, Цинцинназитовая кнопка
betternether:cincinnasite_plate, Цинцинназитовая нажимная плита
betternether:cincinnasite_lantern, Цинцинназитовый фонарь
betternether:cincinnasite_tile_large, Большая цинцинназитовая плитка
betternether:cincinnasite_tile_small, Маленькая цинцинназитовая плитка
betternether:cincinnasite_carved, Резной цинцинназит
betternether:nether_brick_tile_large, Большая плитка из кирпича нижнего мира
betternether:nether_brick_tile_small, Маленькая плитка из кирпича нижнего мира
betternether:cincinnasite_wall, Цинцинназитовая стена
betternether:bone_block, Костный блок
betternether:bone_stairs, Костяные ступени
betternether:bone_slab_half:0, Костяная плита
betternether:bone_button, Костяная кнопка
betternether:bone_plate, Костяная нажимная плита
betternether:cincinnasite_fire_bowl, Цинцинназитовая огненная чаша
betternether:bone_wall, Костяная стена
betternether:nether_brick_wall, Стена из кирпича нижнего мира
betternether:nether_brick_tile_slab_half:0, Плита из маленькой плитки
betternether:nether_brick_tile_stairs, Ступени из маленькой плитки
betternether:bone_mushroom, Споры костяного гриба
betternether:reeds_ladder, Тростниковая лестница
betternether:cincinnasite_bricks_pillar, Колонна из цинцинназитового кирпича
betternether:bone_tile, Костяная плитка
betternether:cincinnasite_pedestal, Цинцинназитовый пьедестал
betternether:pig_statue_01, Статуя возрождения
betternether:cincinnasite_pot, Цинцинназитовый горшок
betternether:cincinnasite_frame, Цинцинназитовая рамка
betternether:quartz_glass, Кварцевое стекло
betternether:quartz_glass_framed, Кварцевое стекло в рамке
betternether:quartz_stained_glass:0, Белое кварцевое стекло
betternether:quartz_stained_glass:1, Оранжевое кварцевое стекло
betternether:quartz_stained_glass:2, Фиолетовое кварцевое стекло
betternether:quartz_stained_glass:3, Голубое кварцевое стекло
betternether:quartz_stained_glass:4, Жёлтое кварцевое стекло
betternether:quartz_stained_glass:5, Лаймовое кварцевое стекло
betternether:quartz_stained_glass:6, Розовое кварцевое стекло
betternether:quartz_stained_glass:7, Серое кварцевое стекло
betternether:quartz_stained_glass:8, Светло-серое кварцевое стекло
betternether:quartz_stained_glass:9, Бирюзовое кварцевое стекло
betternether:quartz_stained_glass:10, Пурпурное кварцевое стекло
betternether:quartz_stained_glass:11, Синее кварцевое стекло
betternether:quartz_stained_glass:12, Коричневое кварцевое стекло
betternether:quartz_stained_glass:13, Зелёное кварцевое стекло
betternether:quartz_stained_glass:14, Красное кварцевое стекло
betternether:quartz_stained_glass:15, Чёрное кварцевое стекло
betternether:cincinnasite_bars, Цинцинназитовая решётка
betternether:quartz_glass_pane, Панель из кварцевого стекла
betternether:quartz_glass_framed_pane, Панель из кварцевого стекла в рамке
betternether:cincinnasite_forge, Цинцинназитовая печь
betternether:netherrack_furnace, Печь из камня нижнего мира
betternether:bone_reed_door, Костяно-тростниковая дверь
betternether:bone_cincinnasite_door, Костяно-цинцинназитовая дверь
betternether:quartz_stained_glass_framed:0, Белое кварцевое стекло в рамке
betternether:quartz_stained_glass_framed:1, Оранжевое кварцевое стекло в рамке
betternether:quartz_stained_glass_framed:2, Фиолетовое кварцевое стекло в рамке
betternether:quartz_stained_glass_framed:3, Голубое кварцевое стекло в рамке
betternether:quartz_stained_glass_framed:4, Жёлтое кварцевое стекло в рамке
betternether:quartz_stained_glass_framed:5, Лаймовое кварцевое стекло в рамке
betternether:quartz_stained_glass_framed:6, Розовое кварцевое стекло в рамке
betternether:quartz_stained_glass_framed:7, Серое кварцевое стекло в рамке
betternether:quartz_stained_glass_framed:8, Светло-серое кварцевое стекло в рамке
betternether:quartz_stained_glass_framed:9, Бирюзовое кварцевое стекло в рамке
betternether:quartz_stained_glass_framed:10, Пурпурное кварцевое стекло в рамке
betternether:quartz_stained_glass_framed:11, Синее кварцевое стекло в рамке
betternether:quartz_stained_glass_framed:12, Коричневое кварцевое стекло в рамке
betternether:quartz_stained_glass_framed:13, Зелёное кварцевое стекло в рамке
betternether:quartz_stained_glass_framed:14, Красное кварцевое стекло в рамке
betternether:quartz_stained_glass_framed:15, Чёрное кварцевое стекло в рамке
betternether:chest_of_drawers, tile.chest_of_drawers.name
betternether:black_apple, Чёрное яблоко
betternether:cincinnasite, Цинцинназит
betternether:cincinnasite_pickaxe, Цинцинназитовая кирка
betternether:cincinnasite_pickaxe_diamond, Цинцинназитово-алмазная кирка
betternether:stalagnate_bowl, Сталагнатовая миска
betternether:stalagnate_bowl_wart, Суп из наростов
betternether:stalagnate_bowl_mushroom, Грибной суп
betternether:stalagnate_bowl_apple, Чёрное яблоко
betternether:cincinnasite_axe, Цинцинназитовый топор
betternether:cincinnasite_axe_diamond, Цинцинназитово-алмазный топор
biomesoplenty:grass:0, Спектральный Мох
biomesoplenty:grass:1, Заросший Камень
biomesoplenty:grass:2, Глинистый Блок Травы
biomesoplenty:grass:3, Песчаный Блок Травы
biomesoplenty:grass:4, Илистый Блок Травы
biomesoplenty:grass:5, Изначальный Блок Травы
biomesoplenty:grass:6, Заросший Адский Камень
biomesoplenty:grass:7, Цветущий Блок Травы
biomesoplenty:grass:8, Мицелиевый Адский Камень
biomesoplenty:dirt:8, Грубая Глинистая Земля
biomesoplenty:dirt:0, Глинистая Земля
biomesoplenty:dirt:9, Грубая Песчаная Земля
biomesoplenty:dirt:1, Песчаная Земля
biomesoplenty:dirt:10, Грубая Илистая Земля
biomesoplenty:dirt:2, Илистая Земля
biomesoplenty:grass_path:0, Глинистая Тропинка
biomesoplenty:grass_path:1, Песчаная Тропинка
biomesoplenty:grass_path:2, Илистая Тропинка
biomesoplenty:farmland_0:0, Глинистая Пашня
biomesoplenty:farmland_0:1, Песчаная Пашня
biomesoplenty:farmland_1:0, Илистая Пашня
biomesoplenty:white_sand:0, Белый Песок
biomesoplenty:white_sandstone:0, Белый Песчаник
biomesoplenty:white_sandstone:1, Резной Белый Песчаник
biomesoplenty:white_sandstone:2, Гладкий Белый Песчаник
biomesoplenty:white_sandstone_stairs:0, Ступеньки из Белого Песчаника
biomesoplenty:dried_sand:0, Сухой Песок
biomesoplenty:hard_ice:0, Затвердевший Лёд
biomesoplenty:ash_block:0, Пепельный Блок
biomesoplenty:mud:0, Грязь
biomesoplenty:flesh:0, Плоть
biomesoplenty:crystal:0, Небесный Кристалл
biomesoplenty:biome_block:0, Руда Эссенции Биома
biomesoplenty:gem_ore:0, Аметистовая Руда из Края
biomesoplenty:gem_ore:1, Рубиновая Руда
biomesoplenty:gem_ore:2, Хризолитовая Руда
biomesoplenty:gem_ore:3, Топазовая Руда
biomesoplenty:gem_ore:4, Танзанитовая Руда
biomesoplenty:gem_ore:5, Малахитовая Руда
biomesoplenty:gem_ore:6, Сапфировая Руда
biomesoplenty:gem_ore:7, Янтарная Руда
biomesoplenty:gem_block:0, Блок Аметиста
biomesoplenty:gem_block:1, Блок Рубина
biomesoplenty:gem_block:2, Блок Хризолита
biomesoplenty:gem_block:3, Блок Топаза
biomesoplenty:gem_block:4, Блок Танзанита
biomesoplenty:gem_block:5, Блок Малахита
biomesoplenty:gem_block:6, Блок Сапфира
biomesoplenty:gem_block:7, Блок Янтаря
biomesoplenty:hive:0, Блок Улья
biomesoplenty:hive:1, Блок Медового Сота
biomesoplenty:hive:2, Пустой Блок Медового Сота
biomesoplenty:hive:3, Заполненный Блок Медового Сота
biomesoplenty:honey_block:0, Медовый Блок
biomesoplenty:blue_fire:0, Синий Огонёк
biomesoplenty:bamboo_thatching:0, Бамбуковая Солома
biomesoplenty:mud_brick_block:0, Кирпичи из Грязи
biomesoplenty:mud_brick_stairs:0, Ступеньки из Грязи
biomesoplenty:other_slab:0, Плитка из Грязи
biomesoplenty:other_slab:1, Плита из Белого Песчаника
biomesoplenty:log_0:4, Священный Дуб
biomesoplenty:log_0:5, Вишнёвое Дерево
biomesoplenty:log_0:6, Теневое Дерево
biomesoplenty:log_0:7, Пихта
biomesoplenty:log_1:4, Эфирное Дерево
biomesoplenty:log_1:5, Магическое Дерево
biomesoplenty:log_1:6, Мангровое Дерево
biomesoplenty:log_1:7, Пальма
biomesoplenty:log_2:4, Красное Дерево
biomesoplenty:log_2:5, Ива
biomesoplenty:log_2:6, Сосна
biomesoplenty:log_2:7, Адское Дерево
biomesoplenty:log_3:4, Жакаранда
biomesoplenty:log_3:5, Махагони
biomesoplenty:log_3:6, Эбеновое Дерево
biomesoplenty:log_3:7, Эвкалипт
biomesoplenty:log_4:4, Стебель Гигантского Цветка
biomesoplenty:log_4:5, Мёртвое Дерево
biomesoplenty:leaves_0:8, Пожелтевшие Осенние Листья
biomesoplenty:leaves_0:9, Покрасневшие Осенние Листья
biomesoplenty:leaves_0:10, Бамбуковые Листья
biomesoplenty:leaves_0:11, Магические Листья
biomesoplenty:leaves_1:8, Теневые Листья
biomesoplenty:leaves_1:9, Мертвые Листья
biomesoplenty:leaves_1:10, Пихтовые Листья
biomesoplenty:leaves_1:11, Эфирные Листья
biomesoplenty:leaves_2:8, Изначальные Листья
biomesoplenty:leaves_2:9, Розовые Вишнёвые Листья
biomesoplenty:leaves_2:10, Белые Вишнёвые Листья
biomesoplenty:leaves_2:11, Клёновые Листья
biomesoplenty:leaves_3:8, Листья Адского Дерева
biomesoplenty:leaves_3:9, Листья Цветущий Дуба
biomesoplenty:leaves_3:10, Жакарандовые Листья
biomesoplenty:leaves_3:11, Листья Священного Дуба
biomesoplenty:leaves_4:8, Мангровые Листья
biomesoplenty:leaves_4:9, Пальмовые Листья
biomesoplenty:leaves_4:10, Листья Красного Дерева
biomesoplenty:leaves_4:11, Ивовые Листья
biomesoplenty:leaves_5:8, Сосновые Листья
biomesoplenty:leaves_5:9, Махагоневые Листья
biomesoplenty:leaves_5:10, Эбеновые Листья
biomesoplenty:leaves_5:11, Эвкалиптовые Листья
biomesoplenty:leaves_6:8, Лепесток Красного Гигантского Цветка
biomesoplenty:leaves_6:9, Лепесток Жёлтого Гигантского Цветка
biomesoplenty:planks_0:0, Доски из Священного Дуба
biomesoplenty:planks_0:1, Вишнёвые Доски
biomesoplenty:planks_0:2, Теневые Доски
biomesoplenty:planks_0:3, Пихтовые Доски
biomesoplenty:planks_0:4, Эфирные Доски
biomesoplenty:planks_0:5, Магические Доски
biomesoplenty:planks_0:6, Мангровые Доски
biomesoplenty:planks_0:7, Пальмовые Доски
biomesoplenty:planks_0:8, Доски из Красного Дерева
biomesoplenty:planks_0:9, Ивовые Доски
biomesoplenty:planks_0:10, Сосновые Доски
biomesoplenty:planks_0:11, Доски из Адского Дерева
biomesoplenty:planks_0:12, Жакарандовые Доски
biomesoplenty:planks_0:13, Махагоновые Доски
biomesoplenty:planks_0:14, Эбеновые Доски
biomesoplenty:planks_0:15, Эвкалиптовые Доски
biomesoplenty:sacred_oak_stairs:0, Ступеньки из Священного Дуба
biomesoplenty:cherry_stairs:0, Лестница Вишнёвого Дерева
biomesoplenty:umbran_stairs:0, Теневые Ступеньки
biomesoplenty:fir_stairs:0, Пихтовые Ступеньки
biomesoplenty:ethereal_stairs:0, Эфирные Ступеньки
biomesoplenty:magic_stairs:0, Ступеньки из Магического Дерева
biomesoplenty:mangrove_stairs:0, Мангровые Ступеньки
biomesoplenty:palm_stairs:0, Пальмовые Ступеньки
biomesoplenty:redwood_stairs:0, Ступеньки из Красного Дерева
biomesoplenty:willow_stairs:0, Ивовые Ступеньки
biomesoplenty:pine_stairs:0, Сосновые Ступеньки
biomesoplenty:hellbark_stairs:0, Ступеньки из Адского Дерева
biomesoplenty:jacaranda_stairs:0, Жакарандовые Ступеньки
biomesoplenty:mahogany_stairs:0, Махагоновые Ступеньки
biomesoplenty:ebony_stairs:0, Эбеновые Ступеньки
biomesoplenty:eucalyptus_stairs:0, Эвкалиптовые Ступеньки
biomesoplenty:wood_slab_0:0, Плита из Священного Дуба
biomesoplenty:wood_slab_0:1, Плита Вишнёвого Дерева
biomesoplenty:wood_slab_0:2, Теневая Плитка
biomesoplenty:wood_slab_0:3, Пихтовый Плитка
biomesoplenty:wood_slab_0:4, Эфирная Плитка
biomesoplenty:wood_slab_0:5, Плита из Магического Дерева
biomesoplenty:wood_slab_0:6, Мангровая Плитка
biomesoplenty:wood_slab_0:7, Пальмовая Плитка
biomesoplenty:wood_slab_1:0, Плитка из Красного Дерева
biomesoplenty:wood_slab_1:1, Ивоваа Плитка
biomesoplenty:wood_slab_1:2, Сосновая Плитка
biomesoplenty:wood_slab_1:3, Плита из Адского Дерева
biomesoplenty:wood_slab_1:4, Жакарандовая Плитка
biomesoplenty:wood_slab_1:5, Махагоновая Плитка
biomesoplenty:wood_slab_1:6, Эбоновая Плитка
biomesoplenty:wood_slab_1:7, Эвкалиптовая Плитка
biomesoplenty:sacred_oak_fence:0, Забор из Священного Дуба
biomesoplenty:cherry_fence:0, Вишнёвый Забор
biomesoplenty:umbran_fence:0, Теневой Забор
biomesoplenty:fir_fence:0, Пихтовый Забор
biomesoplenty:ethereal_fence:0, Эфирный Забор
biomesoplenty:magic_fence:0, Забор из Магического Дерева
biomesoplenty:mangrove_fence:0, Мангровый Забор
biomesoplenty:palm_fence:0, Пальмовый Забор
biomesoplenty:redwood_fence:0, Забор из Красного Дерева
biomesoplenty:willow_fence:0, Ивовый Забор
biomesoplenty:pine_fence:0, Сосновый Забор
biomesoplenty:hellbark_fence:0, Забор из Адского Дерева
biomesoplenty:jacaranda_fence:0, Жакарандовый Забор
biomesoplenty:mahogany_fence:0, Махагоновый Забор
biomesoplenty:ebony_fence:0, Забор из Эбенового Дерева
biomesoplenty:eucalyptus_fence:0, Эвкалиптовый Забор
biomesoplenty:sacred_oak_fence_gate:0, Калитка из Священного Дуба
biomesoplenty:cherry_fence_gate:0, Вишнёвая Калитка
biomesoplenty:umbran_fence_gate:0, Теневая Калитка
biomesoplenty:fir_fence_gate:0, Пихтовая Калитка
biomesoplenty:ethereal_fence_gate:0, Эфирная Калитка
biomesoplenty:magic_fence_gate:0, Калитка из Магического Дерева
biomesoplenty:mangrove_fence_gate:0, Мангровая Калитка
biomesoplenty:palm_fence_gate:0, Пальмовая Калитка
biomesoplenty:redwood_fence_gate:0, Калитка из Красного Дерева
biomesoplenty:willow_fence_gate:0, Ивовая Калитка
biomesoplenty:pine_fence_gate:0, Сосновая Калитка
biomesoplenty:hellbark_fence_gate:0, Калитка из Адского Дерева
biomesoplenty:jacaranda_fence_gate:0, Жакарандовая Калитка
biomesoplenty:mahogany_fence_gate:0, Махагоновая Калитка
biomesoplenty:ebony_fence_gate:0, Эбеновая Калитка
biomesoplenty:eucalyptus_fence_gate:0, Эвкалиптовая Калитка
biomesoplenty:sacred_oak_door, Дверь из Священного Дуба
biomesoplenty:cherry_door, Вишневая Дверь
biomesoplenty:umbran_door, Дверь из Теневого Дерева
biomesoplenty:fir_door, Пихтовая Дверь
biomesoplenty:ethereal_door, Эфирная Дверь
biomesoplenty:magic_door, Магическая Дверь
biomesoplenty:mangrove_door, Мангровая Дверь
biomesoplenty:palm_door, Пальмовая Дверь
biomesoplenty:redwood_door, Дверь из Красного Дерева
biomesoplenty:willow_door, Дверь из Ивы
biomesoplenty:pine_door, Сосновая Дверь
biomesoplenty:hellbark_door, Дверь из Адской Дерева
biomesoplenty:jacaranda_door, Жакарандовая Дверь
biomesoplenty:mahogany_door, Махагоновая Дверь
biomesoplenty:ebony_door, Эбоновая Дверь
biomesoplenty:eucalyptus_door, Эвкалиптовая Дверь
biomesoplenty:coral:0, Розовый Коралл
biomesoplenty:coral:1, Оранжевый Коралл
biomesoplenty:coral:2, Синий Коралл
biomesoplenty:coral:3, Светящиеся Коралл
biomesoplenty:coral:4, Водоросли
biomesoplenty:seaweed:0, Ламинария
biomesoplenty:waterlily:0, Средняя Кувшинка
biomesoplenty:waterlily:1, Маленькая Кувшинка
biomesoplenty:waterlily:2, Крошечная Кувшинка
biomesoplenty:waterlily:3, Цветущая Лилия
biomesoplenty:bamboo:0, Бамбук
biomesoplenty:sapling_0:0, Саженец Пожелтевших Листьев
biomesoplenty:sapling_0:1, Саженец Покрасневших Листьев
biomesoplenty:sapling_0:2, Бамбуковый Саженец
biomesoplenty:sapling_0:3, Магический Саженец
biomesoplenty:sapling_0:4, Теневой Саженец
biomesoplenty:sapling_0:5, Мёртвый Саженец
biomesoplenty:sapling_0:6, Пихтовый Саженец
biomesoplenty:sapling_0:7, Эфирный Саженец
biomesoplenty:sapling_1:0, Изначальный Саженец
biomesoplenty:sapling_1:1, Розовая Вишнёвый Саженец
biomesoplenty:sapling_1:2, Белый Вишнёвый Саженец
biomesoplenty:sapling_1:3, Кленовый Саженец
biomesoplenty:sapling_1:4, Саженец из Адского Дерева
biomesoplenty:sapling_1:5, Саженец Цветущегой Дуба
biomesoplenty:sapling_1:6, Жакарандовый Саженец
biomesoplenty:sapling_1:7, Саженец Священного Дуба
biomesoplenty:sapling_2:0, Мангрововый Саженец
biomesoplenty:sapling_2:1, Пальмовый Саженец
biomesoplenty:sapling_2:2, Саженец Красного Дерева
biomesoplenty:sapling_2:3, Ивовый Саженец
biomesoplenty:sapling_2:4, Сосновый Саженец
biomesoplenty:sapling_2:5, Махагоновый Саженец
biomesoplenty:sapling_2:6, Эбеновый Саженец
biomesoplenty:sapling_2:7, Эвкалиптовый Саженец
biomesoplenty:plant_0:0, Короткая трава
biomesoplenty:plant_0:1, Средняя трава
biomesoplenty:plant_0:2, Кустарник
biomesoplenty:plant_0:3, Росток
biomesoplenty:plant_0:4, Ядовитый Плющ
biomesoplenty:plant_0:5, Ягодный Куст
biomesoplenty:plant_0:6, Куст
biomesoplenty:plant_0:7, Пшеничная Трава
biomesoplenty:plant_0:8, Сырая Трава
biomesoplenty:plant_0:9, Кору
biomesoplenty:plant_0:10, Клеверная Повязка
biomesoplenty:plant_0:11, Куча Листьев
biomesoplenty:plant_0:12, Куча Мёртвых Листьев
biomesoplenty:plant_0:13, Мёртвая Трава
biomesoplenty:plant_0:14, Пустынная Трава
biomesoplenty:plant_0:15, Пустынные Ростки
biomesoplenty:plant_1:0, Дюнная Трава
biomesoplenty:plant_1:1, Спектральный Папоротник
biomesoplenty:plant_1:2, Колючий Кустарник
biomesoplenty:plant_1:3, Дикий Рис
biomesoplenty:plant_1:4, Рогоз
biomesoplenty:plant_1:5, Речной Тростник
biomesoplenty:plant_1:6, Крошечный Кактус
biomesoplenty:plant_1:7, Дьявольская Трава
biomesoplenty:plant_1:8, Камыш
biomesoplenty:plant_1:9, Корень
biomesoplenty:plant_1:10, Раффлезия
biomesoplenty:plant_1:11, Ячмень
biomesoplenty:double_plant:0, Лён
biomesoplenty:double_plant:1, Высокий Рогоз
biomesoplenty:double_plant:2, Глазное Яблоко
biomesoplenty:double_plant:3, Морской Овёс
biomesoplenty:mushroom:0, Поганка
biomesoplenty:mushroom:1, Портобелло
biomesoplenty:mushroom:2, Млечник Голубой
biomesoplenty:mushroom:3, Светящиеся Гриб
biomesoplenty:mushroom:4, Плоский Гриб
biomesoplenty:mushroom:5, Тёмный Гриб
biomesoplenty:bramble_plant:0, Ежевика
biomesoplenty:flower_0:0, Клевер
biomesoplenty:flower_0:1, Болотный Цветок
biomesoplenty:flower_0:2, Смертельный Цветок
biomesoplenty:flower_0:3, Светящиеся Цветок
biomesoplenty:flower_0:4, Синяя Гортензия
biomesoplenty:flower_0:5, Оранжевая Космея
biomesoplenty:flower_0:6, Розовый Нарцисс
biomesoplenty:flower_0:7, Дикий Цветок
biomesoplenty:flower_0:8, Фиалка
biomesoplenty:flower_0:9, Белый Анемон
biomesoplenty:flower_0:10, Лотос Края
biomesoplenty:flower_0:11, Бромелия
biomesoplenty:flower_0:12, Увядшая Лилия
biomesoplenty:flower_0:13, Розовый Гибискус
biomesoplenty:flower_0:14, Ландыш
biomesoplenty:flower_0:15, Горицвет
biomesoplenty:flower_1:0, Лаванда
biomesoplenty:flower_1:1, Золотарник
biomesoplenty:flower_1:2, Колокольчики
biomesoplenty:flower_1:3, Радость Шахтёра
biomesoplenty:flower_1:4, Ледяной Ирис
biomesoplenty:flower_1:5, Роза
biomesoplenty:ivy:0, Плющ
biomesoplenty:willow_vine:0, Ивовая Лоза
biomesoplenty:terrarium:0, Террариум Папоротника
biomesoplenty:terrarium:1, Террариум Грибов
biomesoplenty:terrarium:2, Террариум Кактуса
biomesoplenty:terrarium:3, Террариум Льна
biomesoplenty:terrarium:4, Террариум Цветка
biomesoplenty:terrarium:5, Террариум Кору
biomesoplenty:terrarium:6, Террариум Бамбука
biomesoplenty:terrarium:7, Beach Terrarium
biomesoplenty:terrarium:8, Террариум Светящегося Гриба
biomesoplenty:terrarium:9, Террариум Засухи
biomesoplenty:terrarium:10, Мистический Террариум
biomesoplenty:terrarium:11, Зловещий Террариум
biomesoplenty:terrarium:12, Террариум Пустоши
biomesoplenty:terrarium:13, Изначальный Террариум
biomesoplenty:terrarium:14, Адский Террариум
biomesoplenty:terrarium:15, Террариум Края
biomesoplenty:jar_filled:0, Медовая Банка
biomesoplenty:jar_filled:1, Банка с Синим Огнём
biomesoplenty:jar_empty, Пустая Банка
biomesoplenty:boat_sacred_oak, Лодка из Священного Дуба
biomesoplenty:boat_cherry, Вишневая Лодка
biomesoplenty:boat_umbran, Теневая Лодка
biomesoplenty:boat_fir, Пихтовая Лодка
biomesoplenty:boat_ethereal, Эфирная Лодка
biomesoplenty:boat_magic, Магическая Лодка
biomesoplenty:boat_mangrove, Мангровая Лодка
biomesoplenty:boat_palm, Пальмовая Лодка
biomesoplenty:boat_redwood, Лодка из Краснового Дерева
biomesoplenty:boat_willow, Ивовая Лодка
biomesoplenty:boat_pine, Сосновая Лодка
biomesoplenty:boat_hellbark, Лодка из Адского Дерева
biomesoplenty:boat_jacaranda, Жакарандовая Лодка
biomesoplenty:boat_mahogany, Махагониевая Лодка
biomesoplenty:boat_ebony, Эбоновая Лодка
biomesoplenty:boat_eucalyptus, Эвкалиптовая Лодка
biomesoplenty:biome_finder, Искатель Биомов
biomesoplenty:record_wanderer, Музыкальная Пластинка
biomesoplenty:mudball, Комок Грязи
biomesoplenty:mud_brick, Грязевой Кирпич
biomesoplenty:ash, Кучка Пепла
biomesoplenty:fleshchunk, Кусок Плоти
biomesoplenty:gem:0, Аметист Края
biomesoplenty:gem:1, Рубин
biomesoplenty:gem:2, Хризолит
biomesoplenty:gem:3, Топаз
biomesoplenty:gem:4, Танзанит
biomesoplenty:gem:5, Малахит
biomesoplenty:gem:6, Сапфир
biomesoplenty:gem:7, Янтарь
biomesoplenty:terrestrial_artifact, Земной Артефакт
biomesoplenty:crystal_shard, Осколок Небесного Кристалла
biomesoplenty:biome_essence, Эссенция Биома
biomesoplenty:berries, Ягода
biomesoplenty:pear, Груша
biomesoplenty:peach, Персик
biomesoplenty:persimmon, Хурма
biomesoplenty:honeycomb, Пустые Медовые Соты
biomesoplenty:filled_honeycomb, Заполненные Медовые Соты
biomesoplenty:shroompowder, Грибной Порошок
biomesoplenty:ricebowl, Миска Риса
biomesoplenty:blue_dye, Синий Краситель
biomesoplenty:brown_dye, Коричневая Краситель
biomesoplenty:green_dye, Зелёный Краситель
biomesoplenty:white_dye, Белый Краситель
biomesoplenty:black_dye, Чёрный Краситель
biomesoplenty:earth, Земля
gravisuite:advancedlappack, gravisuite.advancedLappack.name
gravisuite:advancedjetpack, gravisuite.advancedJetpack.name
gravisuite:advancednanochestplate, gravisuite.advancedNanoChestplate.name
gravisuite:ultimatelappack, gravisuite.ultimateLappack.name
gravisuite:gravichestplate, gravisuite.graviChestplate.name
gravisuite:advanceddrill, gravisuite.advancedDrill.name
gravisuite:advancedchainsaw, gravisuite.advancedChainsaw.name
gravisuite:gravitool, gravisuite.graviTool.name
gravisuite:vajra, gravisuite.vajra.name
gravisuite:crafting:0, Изоляция сверхпроводника
gravisuite:crafting:1, Сверхпроводник
gravisuite:crafting:2, Охлаждающий элемент
gravisuite:crafting:3, Гравитационный двигатель
gravisuite:crafting:4, Магнетрон
gravisuite:crafting:5, Ядро ваджры
gravisuite:crafting:6, Ускоритель двигателя
sereneseasons:greenhouse_glass:0, Тепличное стекло
sereneseasons:season_sensor_spring:0, Сезонный датчик
sereneseasons:season_sensor_summer:0, Сезонный датчик
sereneseasons:season_sensor_autumn:0, Сезонный датчик
sereneseasons:season_sensor_winter:0, Сезонный датчик
sereneseasons:ss_icon, СС иконка
sereneseasons:season_clock, Сезонные часы
thermalfoundation:ore:0, Медная руда
thermalfoundation:ore:1, Оловянная руда
thermalfoundation:ore:2, Серебряная руда
thermalfoundation:ore:3, Свинцовая руда
thermalfoundation:ore:4, Алюминиевая руда
thermalfoundation:ore:5, Никелевая руда
thermalfoundation:ore:6, Платиновая руда
thermalfoundation:ore:7, Иридиевая руда
thermalfoundation:ore:8, Мифриловая руда
thermalfoundation:ore_fluid:0, Нефтяной песок
thermalfoundation:ore_fluid:1, Нефтяной сланец
thermalfoundation:ore_fluid:2, Руда дестабилизированного красного камня
thermalfoundation:ore_fluid:3, Заряженный адский камень нижнего мира
thermalfoundation:ore_fluid:4, Резонирующий эндерняк
thermalfoundation:ore_fluid:5, Нефтяной песок
thermalfoundation:storage:0, Медный блок
thermalfoundation:storage:1, Оловянный блок
thermalfoundation:storage:2, Серебряный блок
thermalfoundation:storage:3, Свинцовый блок
thermalfoundation:storage:4, Алюминиевый блок
thermalfoundation:storage:5, Никелевый блок
thermalfoundation:storage:6, Платиновый блок
thermalfoundation:storage:7, Иридиевый блок
thermalfoundation:storage:8, Мифриловый блок
thermalfoundation:storage_alloy:0, Стальные блок
thermalfoundation:storage_alloy:1, Электрумовый блок
thermalfoundation:storage_alloy:2, Инваровый блок
thermalfoundation:storage_alloy:3, Бронзовый блок
thermalfoundation:storage_alloy:4, Константановый блок
thermalfoundation:storage_alloy:5, Синаловый блок
thermalfoundation:storage_alloy:6, Ламиумовый блок
thermalfoundation:storage_alloy:7, Блок эндериума
thermalfoundation:storage_resource:0, Угольный блок
thermalfoundation:storage_resource:1, Блок коксового угля
thermalfoundation:glass:0, Усиленное медное стекло
thermalfoundation:glass:1, Усиленное оловянное стекло
thermalfoundation:glass:2, Усиленное серебряное стекло
thermalfoundation:glass:3, Усиленное свинцовое стекло
thermalfoundation:glass:4, Усиленное алюминиевое стекло
thermalfoundation:glass:5, Усиленное никелевое стекло
thermalfoundation:glass:6, Усиленное платиновое стекло
thermalfoundation:glass:7, Усиленное иридиевое стекло
thermalfoundation:glass:8, Усиленное мифриловое стекло
thermalfoundation:glass_alloy:0, Усиленное стальное стекло
thermalfoundation:glass_alloy:1, Усиленное электрумовое стекло
thermalfoundation:glass_alloy:2, Усиленное инваровое стекло
thermalfoundation:glass_alloy:3, Усиленное бронзовое стекло
thermalfoundation:glass_alloy:4, Усиленное константовое стекло
thermalfoundation:glass_alloy:5, Усиленное синаловое стекло
thermalfoundation:glass_alloy:6, Усиленное ламиумовое стекло
thermalfoundation:glass_alloy:7, Усиленное эндериумное стекло
thermalfoundation:rockwool:0, Чёрная минеральная шерсть
thermalfoundation:rockwool:1, Красная минеральная шерсть
thermalfoundation:rockwool:2, Зелёная минеральная шерсть
thermalfoundation:rockwool:3, Коричневая минеральная шерсть
thermalfoundation:rockwool:4, Синяя минеральная шерсть
thermalfoundation:rockwool:5, Пурпурная минеральная шерсть
thermalfoundation:rockwool:6, Голубая минеральная шерсть
thermalfoundation:rockwool:7, Светло-серая минеральная шерсть
thermalfoundation:rockwool:8, Серая минеральная шерсть
thermalfoundation:rockwool:9, Розовая минеральная шерсть
thermalfoundation:rockwool:10, Лаймовая минеральная шерсть
thermalfoundation:rockwool:11, Жёлтая минеральная шерсть
thermalfoundation:rockwool:12, Светло-синяя минеральная шерсть
thermalfoundation:rockwool:13, Фиолетовая минеральная шерсть
thermalfoundation:rockwool:14, Оранжевая минеральная шерсть
thermalfoundation:rockwool:15, Белая минеральная шерсть
thermalfoundation:wrench:0, Серповидный молот
thermalfoundation:meter:0, Мультиметр
thermalfoundation:upgrade:0, Усиленный набор обновления
thermalfoundation:upgrade:1, Укреплённый набор обновления
thermalfoundation:upgrade:2, Синаловый набор обновления
thermalfoundation:upgrade:3, Резонирующий набор обновления
thermalfoundation:upgrade:33, Усиленный набор преобразования
thermalfoundation:upgrade:34, Синаловый набор преобразования
thermalfoundation:upgrade:35, Резонирующий набор преобразования
thermalfoundation:upgrade:256, Творческий набор преобразования
thermalfoundation:security:0, Синаловый замок безопасности
thermalfoundation:diagram_redprint, Красная печать
thermalfoundation:tome_lexicon, Лексикон Forge
thermalfoundation:tome_experience, Том знаний
thermalfoundation:coin:0, Железная монета
thermalfoundation:coin:1, Золотая монета
thermalfoundation:coin:64, Медная монета
thermalfoundation:coin:65, Оловянная монета
thermalfoundation:coin:66, Серебряная монета
thermalfoundation:coin:67, Свинцовая монета
thermalfoundation:coin:68, Алюминиевая монета
thermalfoundation:coin:69, Никелевая монета
thermalfoundation:coin:70, Платиновая монета
thermalfoundation:coin:71, Иридиевая монета
thermalfoundation:coin:72, Мифриловая монета
thermalfoundation:coin:96, Стальная монета
thermalfoundation:coin:97, Электрумовая монета
thermalfoundation:coin:98, Инваровая монета
thermalfoundation:coin:99, Бронзовая монета
thermalfoundation:coin:100, Константановая мионета
thermalfoundation:coin:101, Синаловая монета
thermalfoundation:coin:102, Ламиумовая монета
thermalfoundation:coin:103, Эндериумная монета
thermalfoundation:fertilizer:0, Фито-Гро
thermalfoundation:fertilizer:1, Обогащённый Фито-Гро
thermalfoundation:fertilizer:2, Флаксовый Фито-Гро
thermalfoundation:bait:0, Приманка
thermalfoundation:bait:1, Насыщенная приманка
thermalfoundation:bait:2, Наполненная флаксом приманка
thermalfoundation:dye:0, Черный пигмент
thermalfoundation:dye:1, Красный пигмент
thermalfoundation:dye:2, Зеленый пигмент
thermalfoundation:dye:3, Коричневый пигмент
thermalfoundation:dye:4, Синий пигмент
thermalfoundation:dye:5, Фиолетовый пигмент
thermalfoundation:dye:6, Голубой пигмент
thermalfoundation:dye:7, Светло-серый пигмент
thermalfoundation:dye:8, Серый пигмент
thermalfoundation:dye:9, Розовый пигмент
thermalfoundation:dye:10, Лаймовый пигмент
thermalfoundation:dye:11, Желтый пигмент
thermalfoundation:dye:12, Светло-синий пигмент
thermalfoundation:dye:13, Пурпурный пигмент
thermalfoundation:dye:14, Оранжевый пигмент
thermalfoundation:dye:15, Белый пигмент
thermalfoundation:material:0, Измельчённое железо
thermalfoundation:material:1, Измельчённое золото
thermalfoundation:material:16, Кусочек алмаза
thermalfoundation:material:17, Кусочек изумруда
thermalfoundation:material:22, Деревянная шестерня
thermalfoundation:material:23, Каменная шестерня
thermalfoundation:material:24, Железная шестерня
thermalfoundation:material:25, Золотая шестерня
thermalfoundation:material:26, Алмазная шестерня
thermalfoundation:material:27, Изумрудная шестерня
thermalfoundation:material:32, Железная пластина
thermalfoundation:material:33, Золотая пластина
thermalfoundation:material:64, Измельчённая медь
thermalfoundation:material:65, Измельчённое олово
thermalfoundation:material:66, Измельчённое серебро
thermalfoundation:material:67, Измельчённый свинец
thermalfoundation:material:68, Измельчённый алюминий
thermalfoundation:material:69, Измельчённый никель
thermalfoundation:material:70, Измельчённая платина
thermalfoundation:material:71, Измельчённый иридий
thermalfoundation:material:72, Измельчённый мифрил
thermalfoundation:material:96, Стальная смесь
thermalfoundation:material:97, Смесь электрума
thermalfoundation:material:98, Инваровая смесь
thermalfoundation:material:99, Бронзовая смесь
thermalfoundation:material:100, Константановая смесь
thermalfoundation:material:101, Синаловая смесь
thermalfoundation:material:102, Ламиумовая смесь
thermalfoundation:material:103, Смесь эндериума
thermalfoundation:material:128, Медный слиток
thermalfoundation:material:129, Оловянный слиток
thermalfoundation:material:130, Серебряный слиток
thermalfoundation:material:131, Свинцовый слиток
thermalfoundation:material:132, Алюминиевый слиток
thermalfoundation:material:133, Никелевый слиток
thermalfoundation:material:134, Платиновый слиток
thermalfoundation:material:135, Иридиевый слиток
thermalfoundation:material:136, Мифриловый слиток
thermalfoundation:material:160, Стальной слиток
thermalfoundation:material:161, Электрумовый слиток
thermalfoundation:material:162, Инваровый слиток
thermalfoundation:material:163, Бронзовый слиток
thermalfoundation:material:164, Константановый слиток
thermalfoundation:material:165, Синаловый слиток
thermalfoundation:material:166, Ламиумовый слиток
thermalfoundation:material:167, Эндериумный слиток
thermalfoundation:material:192, Кусочек меди
thermalfoundation:material:193, Кусочек олова
thermalfoundation:material:194, Кусочек серебра
thermalfoundation:material:195, Кусочек свинца
thermalfoundation:material:196, Кусочек алюминия
thermalfoundation:material:197, Кусочек никеля
thermalfoundation:material:198, Кусочек платины
thermalfoundation:material:199, Кусочек иридия
thermalfoundation:material:200, Кусочек мифрила
thermalfoundation:material:224, Кусочек стали
thermalfoundation:material:225, Кусочек электрума
thermalfoundation:material:226, Кусочек инвара
thermalfoundation:material:227, Кусочек бронзы
thermalfoundation:material:228, Кусочек константана
thermalfoundation:material:229, Кусочек синала
thermalfoundation:material:230, Кусочек ламиума
thermalfoundation:material:231, Кусочек эндериума
thermalfoundation:material:256, Медная шестерня
thermalfoundation:material:257, Оловянная шестерня
thermalfoundation:material:258, Серебряная шестерня
thermalfoundation:material:259, Свинцовая шестерня
thermalfoundation:material:260, Алюминиевая шестерня
thermalfoundation:material:261, Никелевая шестерня
thermalfoundation:material:262, Платиновая шестерня
thermalfoundation:material:263, Иридиевая шестерня
thermalfoundation:material:264, Мифриловая шестерня
thermalfoundation:material:288, Стальная шестерня
thermalfoundation:material:289, Электрумовая шестерня
thermalfoundation:material:290, Инваровая шестерня
thermalfoundation:material:291, Бронзовая шестерня
thermalfoundation:material:292, Константановая шестерня
thermalfoundation:material:293, Синаловая шестерня
thermalfoundation:material:294, Ламиумовая шестерня
thermalfoundation:material:295, Эндериумная шестерня
thermalfoundation:material:320, Медная пластина
thermalfoundation:material:321, Оловянная пластина
thermalfoundation:material:322, Серебряная пластина
thermalfoundation:material:323, Свинцовая пластина
thermalfoundation:material:324, Алюминиевая пластина
thermalfoundation:material:325, Никелевая пластина
thermalfoundation:material:326, Платиновая пластина
thermalfoundation:material:327, Иридиевая пластина
thermalfoundation:material:328, Мифриловая пластина
thermalfoundation:material:352, Стальная пластина
thermalfoundation:material:353, Электрумовая пластина
thermalfoundation:material:354, Инваровая пластина
thermalfoundation:material:355, Бронзовая пластина
thermalfoundation:material:356, Константановая пластина
thermalfoundation:material:357, Синаловая пластина
thermalfoundation:material:358, Ламиумовая пластина
thermalfoundation:material:359, Эндериумная пластина
thermalfoundation:material:512, Красный сервомотор
thermalfoundation:material:513, Красная принимающая катушка
thermalfoundation:material:514, Красная отдающая катушка
thermalfoundation:material:515, Красная проводящая катушка
thermalfoundation:material:640, Корпус инструмента
thermalfoundation:material:656, Головка дрели
thermalfoundation:material:657, Лезвие пилы
thermalfoundation:material:768, Измельчённый уголь
thermalfoundation:material:769, Измельчённый древесный уголь
thermalfoundation:material:770, Измельчённый обсидиан
thermalfoundation:material:771, Сера
thermalfoundation:material:772, Селитра
thermalfoundation:material:800, Опилки
thermalfoundation:material:801, Прессованные опилки
thermalfoundation:material:802, Коксовый уголь
thermalfoundation:material:816, Очищенная биомасса
thermalfoundation:material:817, Обогащённая биомасса
thermalfoundation:material:818, Очищенная биосмесь
thermalfoundation:material:819, Обогащённая биосмесь
thermalfoundation:material:832, Канифоль
thermalfoundation:material:833, Смола
thermalfoundation:material:864, Шлак
thermalfoundation:material:865, Обогащённый шлак
thermalfoundation:material:866, Киноварь
thermalfoundation:material:892, Битум
thermalfoundation:material:893, Дестабилизированный клатрат
thermalfoundation:material:894, Заряженный клатрат
thermalfoundation:material:895, Резонирующий клатрат
thermalfoundation:material:1024, Пыль пиротеума
thermalfoundation:material:1025, Пыль криотеума
thermalfoundation:material:1026, Пыль аэротеума
thermalfoundation:material:1027, Пыль петротеума
thermalfoundation:material:1028, Пыль маны
thermalfoundation:material:2048, Стержень Близза
thermalfoundation:material:2049, Порошок Близза
thermalfoundation:material:2050, Стержень Блитца
thermalfoundation:material:2051, Порошок Блитца
thermalfoundation:material:2052, Стержень Базальца
thermalfoundation:material:2053, Порошок Базальца
thermalfoundation:geode:0, Жеода
thermalfoundation:armor.helmet_copper, Медный шлем
thermalfoundation:armor.plate_copper, Медный нагрудник
thermalfoundation:armor.legs_copper, Медные поножи
thermalfoundation:armor.boots_copper, Медные ботинки
thermalfoundation:armor.helmet_tin, Оловянный шлем
thermalfoundation:armor.plate_tin, Оловянный нагрудник
thermalfoundation:armor.legs_tin, Оловянные поножи
thermalfoundation:armor.boots_tin, Оловянные ботинки
thermalfoundation:armor.helmet_silver, Серебряный шлем
thermalfoundation:armor.plate_silver, Серебряный нагрудник
thermalfoundation:armor.legs_silver, Серебряные поножи
thermalfoundation:armor.boots_silver, Серебряные ботинки
thermalfoundation:armor.helmet_lead, Свинцовый шлем
thermalfoundation:armor.plate_lead, Свинцовый нагрудник
thermalfoundation:armor.legs_lead, Свинцовые поножи
thermalfoundation:armor.boots_lead, Свинцовые ботинки
thermalfoundation:armor.helmet_aluminum, Алюминиевый шлем
thermalfoundation:armor.plate_aluminum, Алюминиевый нагрудник
thermalfoundation:armor.legs_aluminum, Алюминиевые поножи
thermalfoundation:armor.boots_aluminum, Алюминиевые ботинки
thermalfoundation:armor.helmet_nickel, Никелевый шлем
thermalfoundation:armor.plate_nickel, Никелевый нагрудник
thermalfoundation:armor.legs_nickel, Никелевые поножи
thermalfoundation:armor.boots_nickel, Никелевые ботинки
thermalfoundation:armor.helmet_platinum, Платиновый шлем
thermalfoundation:armor.plate_platinum, Платиновый нагрудник
thermalfoundation:armor.legs_platinum, Платиновые поножи
thermalfoundation:armor.boots_platinum, Платиновые ботинки
thermalfoundation:armor.helmet_steel, Стальной шлем
thermalfoundation:armor.plate_steel, Стальной нагрудник
thermalfoundation:armor.legs_steel, Стальные поножи
thermalfoundation:armor.boots_steel, Стальные ботинки
thermalfoundation:armor.helmet_electrum, Электрумовый шлем
thermalfoundation:armor.plate_electrum, Электрумовый нагрудник
thermalfoundation:armor.legs_electrum, Электрумовые поножи
thermalfoundation:armor.boots_electrum, Электрумовые ботинки
thermalfoundation:armor.helmet_invar, Инваровый шлем
thermalfoundation:armor.plate_invar, Инваровый нагрудник
thermalfoundation:armor.legs_invar, Инваровые поножи
thermalfoundation:armor.boots_invar, Инваровые ботинки
thermalfoundation:armor.helmet_bronze, Бронзовый шлем
thermalfoundation:armor.plate_bronze, Бронзовый нагрудник
thermalfoundation:armor.legs_bronze, Бронзовые поножи
thermalfoundation:armor.boots_bronze, Бронзовые ботинки
thermalfoundation:armor.helmet_constantan, Константановый шлем
thermalfoundation:armor.plate_constantan, Константановый нагрудник
thermalfoundation:armor.legs_constantan, Константановые поножи
thermalfoundation:armor.boots_constantan, Константановые ботинки
thermalfoundation:tool.sword_copper, Медный меч
thermalfoundation:tool.shovel_copper, Медная лопата
thermalfoundation:tool.pickaxe_copper, Медная кирка
thermalfoundation:tool.axe_copper, Медный топор
thermalfoundation:tool.hoe_copper, Медная мотыга
thermalfoundation:tool.bow_copper, Медный укрепленный лук
thermalfoundation:tool.fishing_rod_copper, Медная удочка
thermalfoundation:tool.shears_copper, Медные ножницы
thermalfoundation:tool.sickle_copper, Медный серп
thermalfoundation:tool.hammer_copper, Медный молот
thermalfoundation:tool.excavator_copper, Медный заступ
thermalfoundation:tool.shield_copper, Медный щит
thermalfoundation:tool.sword_tin, Оловянный меч
thermalfoundation:tool.shovel_tin, Оловянная лопата
thermalfoundation:tool.pickaxe_tin, Оловянная кирка
thermalfoundation:tool.axe_tin, Оловянный топор
thermalfoundation:tool.hoe_tin, Оловянная мотыга
thermalfoundation:tool.bow_tin, Оловянный укрепленный лук
thermalfoundation:tool.fishing_rod_tin, Оловянная удочка
thermalfoundation:tool.shears_tin, Оловянные ножницы
thermalfoundation:tool.sickle_tin, Оловянный серп
thermalfoundation:tool.hammer_tin, Оловянный молот
thermalfoundation:tool.excavator_tin, Оловянный заступ
thermalfoundation:tool.shield_tin, Оловянный щит
thermalfoundation:tool.sword_silver, Серебряный меч
thermalfoundation:tool.shovel_silver, Серебряная лопата
thermalfoundation:tool.pickaxe_silver, Серебряная кирка
thermalfoundation:tool.axe_silver, Серебряный топор
thermalfoundation:tool.hoe_silver, Серебряная мотыга
thermalfoundation:tool.bow_silver, Серебряный укрепленный лук
thermalfoundation:tool.fishing_rod_silver, Серебряная удочка
thermalfoundation:tool.shears_silver, Серебряные ножницы
thermalfoundation:tool.sickle_silver, Серебряный серп
thermalfoundation:tool.hammer_silver, Серебряный молот
thermalfoundation:tool.excavator_silver, Серебряный заступ
thermalfoundation:tool.shield_silver, Серебряный щит
thermalfoundation:tool.sword_lead, Свинцовый меч
thermalfoundation:tool.shovel_lead, Свинцовая лопата
thermalfoundation:tool.pickaxe_lead, Свинцовая кирка
thermalfoundation:tool.axe_lead, Свинцовый топор
thermalfoundation:tool.hoe_lead, Свинцовая мотыга
thermalfoundation:tool.bow_lead, Свинцовый укрепленный лук
thermalfoundation:tool.fishing_rod_lead, Свинцовая удочка
thermalfoundation:tool.shears_lead, Свинцовые ножницы
thermalfoundation:tool.sickle_lead, Свинцовый серп
thermalfoundation:tool.hammer_lead, Свинцовый молот
thermalfoundation:tool.excavator_lead, Свинцовый заступ
thermalfoundation:tool.shield_lead, Свинцовый щит
thermalfoundation:tool.sword_aluminum, Алюминиевый меч
thermalfoundation:tool.shovel_aluminum, Алюминиевая лопата
thermalfoundation:tool.pickaxe_aluminum, Алюминиевая кирка
thermalfoundation:tool.axe_aluminum, Алюминиевый топор
thermalfoundation:tool.hoe_aluminum, Алюминиевая мотыга
thermalfoundation:tool.bow_aluminum, Алюминиевый укрепленный лук
thermalfoundation:tool.fishing_rod_aluminum, Алюминиевая удочка
thermalfoundation:tool.shears_aluminum, Алюминиевые ножницы
thermalfoundation:tool.sickle_aluminum, Алюминиевый серп
thermalfoundation:tool.hammer_aluminum, Алюминиевый молот
thermalfoundation:tool.excavator_aluminum, Алюминиевый заступ
thermalfoundation:tool.shield_aluminum, Алюминиевый щит
thermalfoundation:tool.sword_nickel, Никелевый меч
thermalfoundation:tool.shovel_nickel, Никелевая лопата
thermalfoundation:tool.pickaxe_nickel, Никелевая кирка
thermalfoundation:tool.axe_nickel, Никелевый топор
thermalfoundation:tool.hoe_nickel, Никелевая мотыга
thermalfoundation:tool.bow_nickel, Никелевый укрепленный лук
thermalfoundation:tool.fishing_rod_nickel, Никелевая удочка
thermalfoundation:tool.shears_nickel, Никелевые ножницы
thermalfoundation:tool.sickle_nickel, Никелевый серп
thermalfoundation:tool.hammer_nickel, Никелевый молот
thermalfoundation:tool.excavator_nickel, Никелевый заступ
thermalfoundation:tool.shield_nickel, Никелевый щит
thermalfoundation:tool.sword_platinum, Платиновый меч
thermalfoundation:tool.shovel_platinum, Платиновая лопата
thermalfoundation:tool.pickaxe_platinum, Платиновая кирка
thermalfoundation:tool.axe_platinum, Платиновый топор
thermalfoundation:tool.hoe_platinum, Платиновая мотыга
thermalfoundation:tool.bow_platinum, Платиновый укрепленный лук
thermalfoundation:tool.fishing_rod_platinum, Платиновая удочка
thermalfoundation:tool.shears_platinum, Платиновые ножницы
thermalfoundation:tool.sickle_platinum, Платиновый серп
thermalfoundation:tool.hammer_platinum, Платиновый молот
thermalfoundation:tool.excavator_platinum, Платиновый заступ
thermalfoundation:tool.shield_platinum, Платиновый щит
thermalfoundation:tool.sword_steel, Стальной меч
thermalfoundation:tool.shovel_steel, Стальная лопата
thermalfoundation:tool.pickaxe_steel, Стальная кирка
thermalfoundation:tool.axe_steel, Стальной топор
thermalfoundation:tool.hoe_steel, Стальная мотыга
thermalfoundation:tool.bow_steel, Стальной укрепленный лук
thermalfoundation:tool.fishing_rod_steel, Стальная удочка
thermalfoundation:tool.shears_steel, Стальные ножницы
thermalfoundation:tool.sickle_steel, Стальной серп
thermalfoundation:tool.hammer_steel, Стальной молот
thermalfoundation:tool.excavator_steel, Стальной заступ
thermalfoundation:tool.shield_steel, Стальной щит
thermalfoundation:tool.sword_electrum, Электрумовый меч
thermalfoundation:tool.shovel_electrum, Электрумовая лопата
thermalfoundation:tool.pickaxe_electrum, Электрумовая кирка
thermalfoundation:tool.axe_electrum, Электрумовый топор
thermalfoundation:tool.hoe_electrum, Электрумовая мотыга
thermalfoundation:tool.bow_electrum, Электрумовый укрепленный лук
thermalfoundation:tool.fishing_rod_electrum, Электрумовая удочка
thermalfoundation:tool.shears_electrum, Электрумовые ножницы
thermalfoundation:tool.sickle_electrum, Электрумовый серп
thermalfoundation:tool.hammer_electrum, Электрумовый молот
thermalfoundation:tool.excavator_electrum, Электрумовый заступ
thermalfoundation:tool.shield_electrum, Электрумовый щит
thermalfoundation:tool.sword_invar, Инваровый меч
thermalfoundation:tool.shovel_invar, Инваровая лопата
thermalfoundation:tool.pickaxe_invar, Инваровая кирка
thermalfoundation:tool.axe_invar, Инваровый топор
thermalfoundation:tool.hoe_invar, Инваровая мотыга
thermalfoundation:tool.bow_invar, Инваровый укрепленный лук
thermalfoundation:tool.fishing_rod_invar, Инваровая удочка
thermalfoundation:tool.shears_invar, Инваровые ножницы
thermalfoundation:tool.sickle_invar, Инваровый серп
thermalfoundation:tool.hammer_invar, Инваровый молот
thermalfoundation:tool.excavator_invar, Инваровый заступ
thermalfoundation:tool.shield_invar, Инваровый щит
thermalfoundation:tool.sword_bronze, Бронзовый меч
thermalfoundation:tool.shovel_bronze, Бронзовая лопата
thermalfoundation:tool.pickaxe_bronze, Бронзовая кирка
thermalfoundation:tool.axe_bronze, Бронзовый топор
thermalfoundation:tool.hoe_bronze, Бронзовая мотыга
thermalfoundation:tool.bow_bronze, Бронзовый укрепленный лук
thermalfoundation:tool.fishing_rod_bronze, Бронзовая удочка
thermalfoundation:tool.shears_bronze, Бронзовые ножницы
thermalfoundation:tool.sickle_bronze, Бронзовые серп
thermalfoundation:tool.hammer_bronze, Бронзовый молот
thermalfoundation:tool.excavator_bronze, Бронзовый заступ
thermalfoundation:tool.shield_bronze, Бронзовый щит
thermalfoundation:tool.sword_constantan, Константановый меч
thermalfoundation:tool.shovel_constantan, Константановая лопата
thermalfoundation:tool.pickaxe_constantan, Константановая кирка
thermalfoundation:tool.axe_constantan, Константановый топор
thermalfoundation:tool.hoe_constantan, Константановая мотыга
thermalfoundation:tool.bow_constantan, Константановый укрепленный лук
thermalfoundation:tool.fishing_rod_constantan, Константановая удочка
thermalfoundation:tool.shears_constantan, Константановые ножницы
thermalfoundation:tool.sickle_constantan, Константановый серп
thermalfoundation:tool.hammer_constantan, Константановый молот
thermalfoundation:tool.excavator_constantan, Константановый заступ
thermalfoundation:tool.shield_constantan, Константановый щит
thermalfoundation:tool.shears_wood, Деревянные ножницы
thermalfoundation:tool.sickle_wood, Деревянный серп
thermalfoundation:tool.hammer_wood, Деревянный молот
thermalfoundation:tool.excavator_wood, Деревянный заступ
thermalfoundation:tool.bow_stone, Каменный укрепленный лук
thermalfoundation:tool.fishing_rod_stone, Каменная удочка
thermalfoundation:tool.shears_stone, Каменные ножницы
thermalfoundation:tool.sickle_stone, Каменный серп
thermalfoundation:tool.hammer_stone, Каменный молот
thermalfoundation:tool.excavator_stone, Каменный заступ
thermalfoundation:tool.shield_stone, Каменный щит
thermalfoundation:tool.bow_iron, Железный укрепленный лук
thermalfoundation:tool.fishing_rod_iron, Железная удочка
thermalfoundation:tool.sickle_iron, Железный серп
thermalfoundation:tool.hammer_iron, Железный молот
thermalfoundation:tool.excavator_iron, Железный заступ
thermalfoundation:tool.shield_iron, Железный щит
thermalfoundation:tool.bow_diamond, Алмазный укрепленный лук
thermalfoundation:tool.fishing_rod_diamond, Алмазная удочка
thermalfoundation:tool.shears_diamond, Алмазные ножницы
thermalfoundation:tool.sickle_diamond, Алмазный серп
thermalfoundation:tool.hammer_diamond, Алмазный молот
thermalfoundation:tool.excavator_diamond, Алмазный заступ
thermalfoundation:tool.shield_diamond, Алмазный щит
thermalfoundation:tool.bow_gold, Золотой укрепленный лук
thermalfoundation:tool.fishing_rod_gold, Золотая удочка
thermalfoundation:tool.shears_gold, Золотые ножницы
thermalfoundation:tool.sickle_gold, Золотой серп
thermalfoundation:tool.hammer_gold, Золотой молот
thermalfoundation:tool.excavator_gold, Золотой заступ
thermalfoundation:tool.shield_gold, Золотой щит
thermalfoundation:horse_armor_copper, Медная конская броня
thermalfoundation:horse_armor_tin, Оловянная конская броня
thermalfoundation:horse_armor_silver, Серебряная конская броня
thermalfoundation:horse_armor_lead, Свинцовая конская броня
thermalfoundation:horse_armor_aluminum, Алюминиевая конская броня
thermalfoundation:horse_armor_nickel, Никелевая конская броня
thermalfoundation:horse_armor_platinum, Платиновая конская броня
thermalfoundation:horse_armor_steel, Стальная конская броня
thermalfoundation:horse_armor_electrum, Электрумовая конская броня
thermalfoundation:horse_armor_invar, Инваровая конская броня
thermalfoundation:horse_armor_bronze, Бронзовая конская броня
thermalfoundation:horse_armor_constantan, Константановая конская броня
thermalfoundation:fluid_crude_oil, Сырая нефть
thermalfoundation:fluid_redstone, Дестабилизированный красный камень
thermalfoundation:fluid_glowstone, Заряженный светящийся камень
thermalfoundation:fluid_ender, Резонирующий эндериум
thermalfoundation:fluid_pyrotheum, Пылающий пиротеум
thermalfoundation:fluid_cryotheum, Ледяной криотеум
thermalfoundation:fluid_aerotheum, Невесомый аэротеум
thermalfoundation:fluid_petrotheum, Тектонический петротеум
thermalfoundation:fluid_mana, Изначальная мана
thermalexpansion:machine:0, Редстоуновая печь (Основной)
thermalexpansion:machine:1, Измельчитель (Основной)
thermalexpansion:machine:2, Лесопилка (Основной)
thermalexpansion:machine:3, Индукционная плавильня (Основной)
thermalexpansion:machine:4, Фитогенный светильник (Основной)
thermalexpansion:machine:5, Компактор (Основной)
thermalexpansion:machine:6, Магмовый тигель (Основной)
thermalexpansion:machine:7, Дистилятор (Основной)
thermalexpansion:machine:8, Распределитель жидкостей (Основной)
thermalexpansion:machine:9, Энергетический зарядник (Основной)
thermalexpansion:machine:10, Центробежный разделитель (Основной)
thermalexpansion:machine:11, Последовательный сборщик (Основной)
thermalexpansion:machine:12, Алхимическая зельеварка (Основной)
thermalexpansion:machine:13, Чародейский энсорцеллатор (Основной)
thermalexpansion:machine:14, Ледниковый осадитель (Основной)
thermalexpansion:machine:15, Вулканический пресс (Основной)
thermalexpansion:device:0, Водный накопитель
thermalexpansion:device:1, Аннулятор
thermalexpansion:device:2, Термальный посредник
thermalexpansion:device:3, Древесный выжиматель
thermalexpansion:device:4, Рыболов
thermalexpansion:device:5, Предметный буфер
thermalexpansion:device:6, Жидкостный буфер
thermalexpansion:device:7, Лексический трансмутатор
thermalexpansion:device:8, Проницательный конденсатор
thermalexpansion:device:9, Рассеиватель отваров
thermalexpansion:device:10, Факторизатор
thermalexpansion:device:11, Инкапсулятор существ
thermalexpansion:device:12, Ваккумулятор
thermalexpansion:dynamo:0, Паровой генератор (Основной)
thermalexpansion:dynamo:1, Магмовый генератор (Основной)
thermalexpansion:dynamo:2, Компрессионный генератор (Основной)
thermalexpansion:dynamo:3, Реагентный генератор (Основной)
thermalexpansion:dynamo:4, Истощающий генератор (Основной)
thermalexpansion:dynamo:5, Нумизматический генератор (Основной)
thermalexpansion:cell:0, Энергетическая ячейка (Основной)
thermalexpansion:tank:0, Переносной резервуар (Основной)
thermalexpansion:cache:0, Ящик (Основной)
thermalexpansion:strongbox:0, Сейф (Основной)
thermalexpansion:capacitor:0, Флаксовый конденсатор (основной)
thermalexpansion:capacitor:1, Флаксовый конденсатор (усиленный)
thermalexpansion:capacitor:2, Флаксовый конденсатор (укреплённый)
thermalexpansion:capacitor:3, Флаксовый конденсатор (синаловый)
thermalexpansion:capacitor:4, Флаксовый конденсатор (резонирующий)
thermalexpansion:capacitor:32000, Флаксовый конденсатор (творческий)
thermalexpansion:reservoir:0, Резервуар (основной)
thermalexpansion:reservoir:1, Резервуар (усиленный)
thermalexpansion:reservoir:2, Резервуар (укреплённый)
thermalexpansion:reservoir:3, Резервуар (синаловый)
thermalexpansion:reservoir:4, Резервуар (резонирующий)
thermalexpansion:reservoir:32000, Резервуар (творческий)
thermalexpansion:satchel:0, Сумка (основная)
thermalexpansion:satchel:1, Сумка (усиленная)
thermalexpansion:satchel:2, Сумка (укреплённая)
thermalexpansion:satchel:3, Сумка (синаловая)
thermalexpansion:satchel:4, Сумка (резонирующая)
thermalexpansion:satchel:100, Сумка (пустотная)
thermalexpansion:satchel:32000, Сумка (творческая)
thermalexpansion:frame:0, Рамка механизма
thermalexpansion:frame:64, Рамка устройства
thermalexpansion:frame:128, Рамка энергетической ячейки
thermalexpansion:frame:129, Рамка усиленной энергетической ячейки
thermalexpansion:frame:130, Рамка укреплённой энергетической ячейки (пустая)
thermalexpansion:frame:131, Рамка синаловой энергетической ячейки (пустая)
thermalexpansion:frame:132, Рамка резонирующей энергетической ячейки (пустая)
thermalexpansion:frame:146, Рамка укреплённой энергетической ячейки (полная)
thermalexpansion:frame:147, Рамка синаловой энергетической ячейки (полная)
thermalexpansion:frame:148, Рамка резонирующей энергетической ячейки (полная)
thermalexpansion:augment:128, Расширение: Вспомогательная принимающая катушка
thermalexpansion:augment:129, Расширение: Вспомогательное сито
thermalexpansion:augment:130, Расширение: Камера аннулирования
thermalexpansion:augment:256, Расширение: Тривекционная камера
thermalexpansion:augment:257, Расширение: Флаксовый анодизатор
thermalexpansion:augment:258, Расширение: Пиролитический преобразователь
thermalexpansion:augment:273, Расширение: Тектонический инициатор
thermalexpansion:augment:288, Расширение: Воронка для смолы
thermalexpansion:augment:303, Расширение: Металлургический восстановитель
thermalexpansion:augment:304, Расширение: Пиро-концентратор
thermalexpansion:augment:320, Расширение: Восстановитель питательных веществ
thermalexpansion:augment:323, Расширение: Обогащатель саженцев
thermalexpansion:augment:324, Расширение: Монокультурный цикл
thermalexpansion:augment:336, Расширение: Нумизматический пресс
thermalexpansion:augment:337, Расширение: Механический штамп
thermalexpansion:augment:352, Расширение: Пироконвективная петля
thermalexpansion:augment:368, Расширение: Рефлаксовый столб
thermalexpansion:augment:369, Расширение: Алхимическая реторта
thermalexpansion:augment:400, Расширение: Концентратор связей Флакса
thermalexpansion:augment:401, Расширение: Флаксовый реконструитель
thermalexpansion:augment:402, Расширение: Параболическая флаксовая муфта
thermalexpansion:augment:416, Расширение: Аппарат для предварительной установки
thermalexpansion:augment:432, Расширение: Проверка шаблона
thermalexpansion:augment:433, Расширение: Жидкостное производство
thermalexpansion:augment:448, Расширение: Реагентный восстановитель
thermalexpansion:augment:496, Расширение: Пирокластические инъекции
thermalexpansion:augment:497, Расширение: Осколочное осаждение
thermalexpansion:augment:512, Расширение: Вспомогательная отдающая катушка
thermalexpansion:augment:513, Расширение: Топливный катализатор
thermalexpansion:augment:514, Расширение: Канал отдающей катушки
thermalexpansion:augment:515, Расширение: Ограничитель поля намагничивания
thermalexpansion:augment:576, Расширение: Преобразующий бойлер
thermalexpansion:augment:640, Расширение: Преобразующая турбина
thermalexpansion:augment:656, Расширение: Изэнтропическое водохранилище
thermalexpansion:augment:672, Расширение: Охлаждение с закрытым контуром
thermalexpansion:augment:673, Расширение: Свеча зажигания
thermalexpansion:augment:674, Расширение: Агитационный манифольд
thermalexpansion:augment:688, Расширение: Элементарный катализатор
thermalexpansion:augment:704, Расширение: Дизъюнктивное извлечение
thermalexpansion:augment:720, Расширение: Лапидарная калибровка
thermalexpansion:florb:0, Флюидный шарик (Пусто§r)
thermalexpansion:florb:1, Магматический флюидный шарик (Пусто§r)
thermalexpansion:morb:0, Биошарик (Пусто§r)
thermalexpansion:morb:1, Многоразовый биошарик (Пусто§r)
thermalcultivation:watering_can:0, Лейка (основная)
thermalcultivation:watering_can:1, Лейка (усиленная)
thermalcultivation:watering_can:2, Лейка (укреплённая)
thermalcultivation:watering_can:3, Лейка (синаловая)
thermalcultivation:watering_can:4, Лейка (резонирующая)
thermalcultivation:watering_can:32000, Лейка (творческая)
thermaldynamics:duct_0:0, Свинцовая флаксовая труба
thermaldynamics:duct_0:1, Усиленная флаксовая труба
thermaldynamics:duct_0:2, Красная энергетическая флаксовая труба
thermaldynamics:duct_0:3, Сигналовая флаксовая труба
thermaldynamics:duct_0:4, Резонирующая флаксовая труба
thermaldynamics:duct_0:5, Криостабилизированная флаксовая труба
thermaldynamics:duct_0:6, Красная энергетическая флаксовая труба (пустая)
thermaldynamics:duct_0:7, Сигналовая флаксовая труба (пустая)
thermaldynamics:duct_0:8, Резонирующая флаксовая труба (пустая)
thermaldynamics:duct_0:9, Криостабилизированная флаксовая труба (пустая)
thermaldynamics:duct_16:0, Основная жидкостная труба
thermaldynamics:duct_16:1, Основная жидкостная труба (непрозрачная)
thermaldynamics:duct_16:2, Усиленная жидкостная труба
thermaldynamics:duct_16:3, Усиленная жидкостная труба (непрозрачная)
thermaldynamics:duct_16:4, Покрытая флаксом жидкостная труба
thermaldynamics:duct_16:5, Покрытая флаксом жидкостная труба (непрозрачная)
thermaldynamics:duct_16:6, Сверхпластичная жидкостная труба
thermaldynamics:duct_16:7, Сверхпластичная жидкостная труба (непрозрачная)
thermaldynamics:duct_32:0, Вакуумная предметная труба
thermaldynamics:duct_32:0, Плотная предметная труба
thermaldynamics:duct_32:0, Предметная труба
thermaldynamics:duct_32:1, Вакуумная предметная труба (непрозрачная)
thermaldynamics:duct_32:1, Плотная предметная труба (непрозрачная)
thermaldynamics:duct_32:1, Предметная труба (непрозрачная)
thermaldynamics:duct_32:2, Вакуумная импульсная предметная труба
thermaldynamics:duct_32:2, Плотная импульсная предметная труба
thermaldynamics:duct_32:2, Импульсная предметная труба
thermaldynamics:duct_32:3, Вакуумная импульсная предметная труба (непрозрачная)
thermaldynamics:duct_32:3, Плотная импульсная предметная труба (непрозрачная)
thermaldynamics:duct_32:3, Импульсная предметная труба (непрозрачная)
thermaldynamics:duct_32:4, Вакуумная колеблющаяся предметная труба
thermaldynamics:duct_32:4, Плотная колеблющаяся предметная труба
thermaldynamics:duct_32:4, Колеблющаяся предметная труба
thermaldynamics:duct_32:5, Вакуумная колеблющаяся предметная труба (непрозрачная)
thermaldynamics:duct_32:5, Плотная колеблющаяся предметная труба (непрозрачная)
thermaldynamics:duct_32:5, Колеблющаяся предметная труба (непрозрачная)
thermaldynamics:duct_32:6, Вакуумная Покрытая сигналовая импульсная предметная труба
thermaldynamics:duct_32:6, Плотная Покрытая сигналовая импульсная предметная труба
thermaldynamics:duct_32:6, Покрытая сигналовая импульсная предметная труба
thermaldynamics:duct_32:7, Вакуумная Покрытая сигналовая импульсная предметная труба (непрозрачная)
thermaldynamics:duct_32:7, Плотная Покрытая сигналовая импульсная предметная труба (непрозрачная)
thermaldynamics:duct_32:7, Покрытая сигналовая импульсная предметная труба (непрозрачная)
thermaldynamics:duct_48:0, Структурная труба
thermaldynamics:duct_64:0, Виадук
thermaldynamics:duct_64:1, Виадук большой дальности
thermaldynamics:duct_64:2, Соединяющий виадук большой дальности
thermaldynamics:duct_64:3, Виадук (необработанный)
thermaldynamics:servo:0, Сервомеханизм
thermaldynamics:servo:1, Усиленный сервомеханизм
thermaldynamics:servo:2, Укреплённый сервомеханизм
thermaldynamics:servo:3, Синаловый сервомеханизм
thermaldynamics:servo:4, Резонирующий сервомеханизм
thermaldynamics:filter:0, Фильтр
thermaldynamics:filter:1, Усиленный фильтр
thermaldynamics:filter:2, Укреплённый фильтр
thermaldynamics:filter:3, Синаловый фильтр
thermaldynamics:filter:4, Резонирующий фильтр
thermaldynamics:retriever:0, Поисковик
thermaldynamics:retriever:1, Усиленный поисковик
thermaldynamics:retriever:2, Укреплённый поисковик
thermaldynamics:retriever:3, Синаловый поисковик
thermaldynamics:retriever:4, Резонирующий поисковик
thermaldynamics:relay:0, Красное реле
thermaldynamics:cover:0, Крышка (Камень)
thermaldynamics:cover:0, Крышка (Гранит)
thermaldynamics:cover:0, Крышка (Полированный гранит)
thermaldynamics:cover:0, Крышка (Диорит)
thermaldynamics:cover:0, Крышка (Полированный диорит)
thermaldynamics:cover:0, Крышка (Андезит)
thermaldynamics:cover:0, Крышка (Полированный андезит)
thermaldynamics:cover:0, Крышка (Дёрн)
thermaldynamics:cover:0, Крышка (Земля)
thermaldynamics:cover:0, Крышка (Каменистая земля)
thermaldynamics:cover:0, Крышка (Подзол)
thermaldynamics:cover:0, Крышка (Булыжник)
thermaldynamics:cover:0, Крышка (Дубовые доски)
thermaldynamics:cover:0, Крышка (Еловые доски)
thermaldynamics:cover:0, Крышка (Берёзовые доски)
thermaldynamics:cover:0, Крышка (Доски из тропического дерева)
thermaldynamics:cover:0, Крышка (Акациевые доски)
thermaldynamics:cover:0, Крышка (Доски из тёмного дуба)
thermaldynamics:cover:0, Крышка (Бедрок)
thermaldynamics:cover:0, Крышка (Песок)
thermaldynamics:cover:0, Крышка (Красный песок)
thermaldynamics:cover:0, Крышка (Гравий)
thermaldynamics:cover:0, Крышка (Золотая руда)
thermaldynamics:cover:0, Крышка (Железная руда)
thermaldynamics:cover:0, Крышка (Каменный уголь)
thermaldynamics:cover:0, Крышка (Дуб)
thermaldynamics:cover:0, Крышка (Ель)
thermaldynamics:cover:0, Крышка (Берёза)
thermaldynamics:cover:0, Крышка (Тропическое дерево)
thermaldynamics:cover:0, Крышка (Дубовые листья)
thermaldynamics:cover:0, Крышка (Хвоя)
thermaldynamics:cover:0, Крышка (Берёзовые листья)
thermaldynamics:cover:0, Крышка (Листья тропического дерева)
thermaldynamics:cover:0, Крышка (Губка)
thermaldynamics:cover:0, Крышка (Мокрая губка)
thermaldynamics:cover:0, Крышка (Стекло)
thermaldynamics:cover:0, Крышка (Лазуритовая руда)
thermaldynamics:cover:0, Крышка (Лазуритовый блок)
thermaldynamics:cover:0, Крышка (Песчаник)
thermaldynamics:cover:0, Крышка (Резной песчаник)
thermaldynamics:cover:0, Крышка (Гладкий песчаник)
thermaldynamics:cover:0, Крышка (Белая шерсть)
thermaldynamics:cover:0, Крышка (Оранжевая шерсть)
thermaldynamics:cover:0, Крышка (Пурпурная шерсть)
thermaldynamics:cover:0, Крышка (Голубая шерсть)
thermaldynamics:cover:0, Крышка (Жёлтая шерсть)
thermaldynamics:cover:0, Крышка (Лаймовая шерсть)
thermaldynamics:cover:0, Крышка (Розовая шерсть)
thermaldynamics:cover:0, Крышка (Серая шерсть)
thermaldynamics:cover:0, Крышка (Светло-серая шерсть)
thermaldynamics:cover:0, Крышка (Бирюзовая шерсть)
thermaldynamics:cover:0, Крышка (Фиолетовая шерсть)
thermaldynamics:cover:0, Крышка (Синяя шерсть)
thermaldynamics:cover:0, Крышка (Коричневая шерсть)
thermaldynamics:cover:0, Крышка (Зелёная шерсть)
thermaldynamics:cover:0, Крышка (Красная шерсть)
thermaldynamics:cover:0, Крышка (Чёрная шерсть)
thermaldynamics:cover:0, Крышка (Золотой блок)
thermaldynamics:cover:0, Крышка (Железный блок)
thermaldynamics:cover:0, Крышка (Каменная плита)
thermaldynamics:cover:0, Крышка (Песчаниковая плита)
thermaldynamics:cover:0, Крышка (Булыжная плита)
thermaldynamics:cover:0, Крышка (Кирпичная плита)
thermaldynamics:cover:0, Крышка (Плита из каменных кирпичей)
thermaldynamics:cover:0, Крышка (Незеритовая плита)
thermaldynamics:cover:0, Крышка (Кварцевая плита)
thermaldynamics:cover:0, Крышка (Кирпичи)
thermaldynamics:cover:0, Крышка (Динамит)
thermaldynamics:cover:0, Крышка (Книжная полка)
thermaldynamics:cover:0, Крышка (Замшелый булыжник)
thermaldynamics:cover:0, Крышка (Обсидиан)
thermaldynamics:cover:0, Крышка (Дубовые ступеньки)
thermaldynamics:cover:0, Крышка (Алмазная руда)
thermaldynamics:cover:0, Крышка (Алмазный блок)
thermaldynamics:cover:0, Крышка (Верстак)
thermaldynamics:cover:0, Крышка (Булыжные ступеньки)
thermaldynamics:cover:0, Крышка (Редстоуновая руда)
thermaldynamics:cover:0, Крышка (Лёд)
thermaldynamics:cover:0, Крышка (Снег)
thermaldynamics:cover:0, Крышка (Кактус)
thermaldynamics:cover:0, Крышка (Глина)
thermaldynamics:cover:0, Крышка (Тыква)
thermaldynamics:cover:0, Крышка (Незерит)
thermaldynamics:cover:0, Крышка (Песок душ)
thermaldynamics:cover:0, Крышка (Светокамень)
thermaldynamics:cover:0, Крышка (Светильник Джека)
thermaldynamics:cover:0, Крышка (Белое стекло)
thermaldynamics:cover:0, Крышка (Оранжевое стекло)
thermaldynamics:cover:0, Крышка (Пурпурное стекло)
thermaldynamics:cover:0, Крышка (Голубое стекло)
thermaldynamics:cover:0, Крышка (Жёлтое стекло)
thermaldynamics:cover:0, Крышка (Лаймовое стекло)
thermaldynamics:cover:0, Крышка (Розовое стекло)
thermaldynamics:cover:0, Крышка (Серое стекло)
thermaldynamics:cover:0, Крышка (Светло-серое стекло)
thermaldynamics:cover:0, Крышка (Бирюзовое стекло)
thermaldynamics:cover:0, Крышка (Фиолетовое стекло)
thermaldynamics:cover:0, Крышка (Синее стекло)
thermaldynamics:cover:0, Крышка (Коричневое стекло)
thermaldynamics:cover:0, Крышка (Зелёное стекло)
thermaldynamics:cover:0, Крышка (Красное стекло)
thermaldynamics:cover:0, Крышка (Чёрное стекло)
thermaldynamics:cover:0, Крышка (Камень с монстрами)
thermaldynamics:cover:0, Крышка (Булыжник с монстрами)
thermaldynamics:cover:0, Крышка (Каменный кирпич с монстрами)
thermaldynamics:cover:0, Крышка (Замшелый каменный кирпич с монстрами)
thermaldynamics:cover:0, Крышка (Потрескавшийся каменный кирпич с монстрами)
thermaldynamics:cover:0, Крышка (Резной каменный кирпич с монстрами)
thermaldynamics:cover:0, Крышка (Каменные кирпичи)
thermaldynamics:cover:0, Крышка (Замшелые каменные кирпичи)
thermaldynamics:cover:0, Крышка (Потрескавшиеся каменные кирпичи)
thermaldynamics:cover:0, Крышка (Резные каменные кирпичи)
thermaldynamics:cover:0, Крышка (Железные прутья)
thermaldynamics:cover:0, Крышка (Стеклянная панель)
thermaldynamics:cover:0, Крышка (Арбуз)
thermaldynamics:cover:0, Крышка (Кирпичные ступеньки)
thermaldynamics:cover:0, Крышка (Ступеньки из каменного кирпича)
thermaldynamics:cover:0, Крышка (Мицелий)
thermaldynamics:cover:0, Крышка (Незеритовые кирпичи)
thermaldynamics:cover:0, Крышка (Незеритовые ступеньки)
thermaldynamics:cover:0, Крышка (Портал в Энд)
thermaldynamics:cover:0, Крышка (Эндерняк)
thermaldynamics:cover:0, Крышка (Редстоуновый фонарь)
thermaldynamics:cover:0, Крышка (Дубовая плита)
thermaldynamics:cover:0, Крышка (Еловая плита)
thermaldynamics:cover:0, Крышка (Берёзовая плита)
thermaldynamics:cover:0, Крышка (Плита из тропического дерева)
thermaldynamics:cover:0, Крышка (Акациевая плита)
thermaldynamics:cover:0, Крышка (Плита из тёмного дуба)
thermaldynamics:cover:0, Крышка (Песчаниковые ступеньки)
thermaldynamics:cover:0, Крышка (Изумрудная руда)
thermaldynamics:cover:0, Крышка (Крюк)
thermaldynamics:cover:0, Крышка (Изумрудный блок)
thermaldynamics:cover:0, Крышка (Еловые ступеньки)
thermaldynamics:cover:0, Крышка (Берёзовые ступеньки)
thermaldynamics:cover:0, Крышка (Ступеньки из тропического дерева)
thermaldynamics:cover:0, Крышка (Редстоуновый блок)
thermaldynamics:cover:0, Крышка (Незер-кварцевая руда)
thermaldynamics:cover:0, Крышка (Кварцевый блок)
thermaldynamics:cover:0, Крышка (Резной кварцевый блок)
thermaldynamics:cover:0, Крышка (Кварцевая колонна)
thermaldynamics:cover:0, Крышка (Кварцевые ступеньки)
thermaldynamics:cover:0, Крышка (Белая керамика)
thermaldynamics:cover:0, Крышка (Оранжевая керамика)
thermaldynamics:cover:0, Крышка (Пурпурная керамика)
thermaldynamics:cover:0, Крышка (Голубая керамика)
thermaldynamics:cover:0, Крышка (Жёлтая керамика)
thermaldynamics:cover:0, Крышка (Лаймовая керамика)
thermaldynamics:cover:0, Крышка (Розовая керамика)
thermaldynamics:cover:0, Крышка (Серая керамика)
thermaldynamics:cover:0, Крышка (Светло-серая керамика)
thermaldynamics:cover:0, Крышка (Бирюзовая керамика)
thermaldynamics:cover:0, Крышка (Фиолетовая керамика)
thermaldynamics:cover:0, Крышка (Синяя керамика)
thermaldynamics:cover:0, Крышка (Коричневая керамика)
thermaldynamics:cover:0, Крышка (Зелёная керамика)
thermaldynamics:cover:0, Крышка (Красная керамика)
thermaldynamics:cover:0, Крышка (Чёрная керамика)
thermaldynamics:cover:0, Крышка (Белая стеклянная панель)
thermaldynamics:cover:0, Крышка (Оранжевая стеклянная панель)
thermaldynamics:cover:0, Крышка (Пурпурная стеклянная панель)
thermaldynamics:cover:0, Крышка (Голубая стеклянная панель)
thermaldynamics:cover:0, Крышка (Жёлтая стеклянная панель)
thermaldynamics:cover:0, Крышка (Лаймовая стеклянная панель)
thermaldynamics:cover:0, Крышка (Розовая стеклянная панель)
thermaldynamics:cover:0, Крышка (Серая стеклянная панель)
thermaldynamics:cover:0, Крышка (Светло-серая стеклянная панель)
thermaldynamics:cover:0, Крышка (Бирюзовая стеклянная панель)
thermaldynamics:cover:0, Крышка (Фиолетовая стеклянная панель)
thermaldynamics:cover:0, Крышка (Синяя стеклянная панель)
thermaldynamics:cover:0, Крышка (Коричневая стеклянная панель)
thermaldynamics:cover:0, Крышка (Зелёная стеклянная панель)
thermaldynamics:cover:0, Крышка (Красная стеклянная панель)
thermaldynamics:cover:0, Крышка (Чёрная стеклянная панель)
thermaldynamics:cover:0, Крышка (Листья акации)
thermaldynamics:cover:0, Крышка (Листья тёмного дуба)
thermaldynamics:cover:0, Крышка (Акация)
thermaldynamics:cover:0, Крышка (Тёмный дуб)
thermaldynamics:cover:0, Крышка (Акациевые ступеньки)
thermaldynamics:cover:0, Крышка (Ступеньки из тёмного дуба)
thermaldynamics:cover:0, Крышка (Блок слизи)
thermaldynamics:cover:0, Крышка (Призмарин)
thermaldynamics:cover:0, Крышка (Призмариновые кирпичи)
thermaldynamics:cover:0, Крышка (Тёмный призмарин)
thermaldynamics:cover:0, Крышка (Морской фонарь)
thermaldynamics:cover:0, Крышка (Сноп сена)
thermaldynamics:cover:0, Крышка (Терракота)
thermaldynamics:cover:0, Крышка (Угольный блок)
thermaldynamics:cover:0, Крышка (Плотный лёд)
thermaldynamics:cover:0, Крышка (Красный песчаник)
thermaldynamics:cover:0, Крышка (Резной красный песчаник)
thermaldynamics:cover:0, Крышка (Гладкий красный песчаник)
thermaldynamics:cover:0, Крышка (Ступеньки из красного песчаника)
thermaldynamics:cover:0, Крышка (Плита из красного песчаника)
thermaldynamics:cover:0, Крышка (Пурпур)
thermaldynamics:cover:0, Крышка (Пурпуровый пилон)
thermaldynamics:cover:0, Крышка (Пурпуровые ступеньки)
thermaldynamics:cover:0, Крышка (Пурпуровая плита)
thermaldynamics:cover:0, Крышка (Эндерняковые кирпичи)
thermaldynamics:cover:0, Крышка (Магма)
thermaldynamics:cover:0, Крышка (Блок нароста из Незера)
thermaldynamics:cover:0, Крышка (Красный незеритовый кирпич)
thermaldynamics:cover:0, Крышка (Костный блок)
thermaldynamics:cover:0, Крышка (Наблюдатель)
thermaldynamics:cover:0, Крышка (Белая глазурованная керамика)
thermaldynamics:cover:0, Крышка (Оранжевая глазурованная керамика)
thermaldynamics:cover:0, Крышка (Пурпурная глазурованная керамика)
thermaldynamics:cover:0, Крышка (Голубая глазурованная керамика)
thermaldynamics:cover:0, Крышка (Жёлтая глазурованная керамика)
thermaldynamics:cover:0, Крышка (Лаймовая глазурованная керамика)
thermaldynamics:cover:0, Крышка (Розовая глазурованная керамика)
thermaldynamics:cover:0, Крышка (Серая глазурованная керамика)
thermaldynamics:cover:0, Крышка (Светло-серая глазурованная керамика)
thermaldynamics:cover:0, Крышка (Бирюзовая глазурованная керамика)
thermaldynamics:cover:0, Крышка (Фиолетовая глазурованная керамика)
thermaldynamics:cover:0, Крышка (Синяя глазурованная керамика)
thermaldynamics:cover:0, Крышка (Коричневая глазурованная керамика)
thermaldynamics:cover:0, Крышка (Зелёная глазурованная керамика)
thermaldynamics:cover:0, Крышка (Красная глазурованная керамика)
thermaldynamics:cover:0, Крышка (Чёрная глазурованная керамика)
thermaldynamics:cover:0, Крышка (Белый бетон)
thermaldynamics:cover:0, Крышка (Оранжевый бетон)
thermaldynamics:cover:0, Крышка (Пурпурный бетон)
thermaldynamics:cover:0, Крышка (Голубой бетон)
thermaldynamics:cover:0, Крышка (Жёлтый бетон)
thermaldynamics:cover:0, Крышка (Лаймовый бетон)
thermaldynamics:cover:0, Крышка (Розовый бетон)
thermaldynamics:cover:0, Крышка (Серый бетон)
thermaldynamics:cover:0, Крышка (Светло-серый бетон)
thermaldynamics:cover:0, Крышка (Бирюзовый бетон)
thermaldynamics:cover:0, Крышка (Фиолетовый бетон)
thermaldynamics:cover:0, Крышка (Синий бетон)
thermaldynamics:cover:0, Крышка (Коричневый бетон)
thermaldynamics:cover:0, Крышка (Зелёный бетон)
thermaldynamics:cover:0, Крышка (Красный бетон)
thermaldynamics:cover:0, Крышка (Чёрный бетон)
thermaldynamics:cover:0, Крышка (Белый цемент)
thermaldynamics:cover:0, Крышка (Оранжевый цемент)
thermaldynamics:cover:0, Крышка (Пурпурный цемент)
thermaldynamics:cover:0, Крышка (Голубой цемент)
thermaldynamics:cover:0, Крышка (Жёлтый цемент)
thermaldynamics:cover:0, Крышка (Лаймовый цемент)
thermaldynamics:cover:0, Крышка (Розовый цемент)
thermaldynamics:cover:0, Крышка (Серый цемент)
thermaldynamics:cover:0, Крышка (Светло-серый цемент)
thermaldynamics:cover:0, Крышка (Бирюзовый цемент)
thermaldynamics:cover:0, Крышка (Фиолетовый цемент)
thermaldynamics:cover:0, Крышка (Синий цемент)
thermaldynamics:cover:0, Крышка (Коричневый цемент)
thermaldynamics:cover:0, Крышка (Зелёный цемент)
thermaldynamics:cover:0, Крышка (Красный цемент)
thermaldynamics:cover:0, Крышка (Чёрный цемент)
thermaldynamics:cover:0, Крышка (Базальт)
thermaldynamics:cover:0, Крышка (Медная руда)
thermaldynamics:cover:0, Крышка (Свинцовая руда)
thermaldynamics:cover:0, Крышка (Оловянная руда)
thermaldynamics:cover:0, Крышка (Урановая руда)
thermaldynamics:cover:0, Крышка (Бронзовый блок)
thermaldynamics:cover:0, Крышка (Медный блок)
thermaldynamics:cover:0, Крышка (Свинцовый блок)
thermaldynamics:cover:0, Крышка (Стальной блок)
thermaldynamics:cover:0, Крышка (Оловянный блок)
thermaldynamics:cover:0, Крышка (Урановый блок)
thermaldynamics:cover:0, Крышка (Укреплённый камень)
thermaldynamics:cover:0, Крышка (Базовый корпус машины)
thermaldynamics:cover:0, Крышка (Улучшенный корпус машины)
thermaldynamics:cover:0, Крышка (Реакторный корпус)
thermaldynamics:cover:0, Крышка (Серебряный блок)
thermaldynamics:cover:0, Крышка (Листва гевеи)
thermaldynamics:cover:0, Крышка (Древесина гевеи)
thermaldynamics:cover:0, Крышка (Саженец гевеи)
thermaldynamics:cover:0, Крышка (Леса)
thermaldynamics:cover:0, Крышка (Укреплённые леса)
thermaldynamics:cover:0, Крышка (Железные леса)
thermaldynamics:cover:0, Крышка (Укреплённые железные леса)
thermaldynamics:cover:0, Крышка (Железный забор)
thermaldynamics:cover:0, Крышка (Латексный лист)
thermaldynamics:cover:0, Крышка (Резиновый лист)
thermaldynamics:cover:0, Крышка (Шерстяной лист)
thermaldynamics:cover:0, Крышка (Укреплённое стекло)
thermaldynamics:cover:0, Крышка (Строительная пена)
thermaldynamics:cover:0, Крышка (Укреплённая строительная пена)
thermaldynamics:cover:0, Крышка (Чёрный пенобетон)
thermaldynamics:cover:0, Крышка (Синий пенобетон)
thermaldynamics:cover:0, Крышка (Коричневый пенобетон)
thermaldynamics:cover:0, Крышка (Бирюзовый пенобетон)
thermaldynamics:cover:0, Крышка (Серый пенобетон)
thermaldynamics:cover:0, Крышка (Зелёный пенобетон)
thermaldynamics:cover:0, Крышка (Голубой пенобетон)
thermaldynamics:cover:0, Крышка (Светло-серый пенобетон)
thermaldynamics:cover:0, Крышка (Лаймовый пенобетон)
thermaldynamics:cover:0, Крышка (Сиреневый пенобетон)
thermaldynamics:cover:0, Крышка (Оранжевый пенобетон)
thermaldynamics:cover:0, Крышка (Розовый пенобетон)
thermaldynamics:cover:0, Крышка (Фиолетовый пенобетон)
thermaldynamics:cover:0, Крышка (Красный пенобетон)
thermaldynamics:cover:0, Крышка (Белый пенобетон)
thermaldynamics:cover:0, Крышка (Жёлтый пенобетон)
thermaldynamics:cover:0, Крышка (Буровая труба)
thermaldynamics:cover:0, Крышка (Укреплённая дверь)
thermaldynamics:cover:0, Крышка (Огнеупорные кирпичи)
thermaldynamics:cover:0, Крышка (Жидкая материя)
thermaldynamics:cover:0, Крышка (Жидкая строительная пена)
thermaldynamics:cover:0, Крышка (Хладагент)
thermaldynamics:cover:0, Крышка (Креозот)
thermaldynamics:cover:0, Крышка (Горячий хладагент)
thermaldynamics:cover:0, Крышка (Базальтовая лава)
thermaldynamics:cover:0, Крышка (Жидкая биомасса)
thermaldynamics:cover:0, Крышка (Биогаз)
thermaldynamics:cover:0, Крышка (Дистиллированная вода)
thermaldynamics:cover:0, Крышка (Перегретый пар)
thermaldynamics:cover:0, Крышка (Пар)
thermaldynamics:cover:0, Крышка (Тёплая вода)
thermaldynamics:cover:0, Крышка (Пестицид)
thermaldynamics:cover:0, Крышка (Воздух)
thermaldynamics:cover:0, Крышка (Водород)
thermaldynamics:cover:0, Крышка (Кислород)
thermaldynamics:cover:0, Крышка (Тяжёлая вода)
thermaldynamics:cover:0, Крышка (Milk)
thermaldynamics:cover:0, Крышка (Каменная плита)
thermaldynamics:cover:0, Крышка (Блок глаза)
thermaldynamics:cover:0, Крышка (Маленький блок глаза)
thermaldynamics:cover:0, Крышка (Глазное семечко)
thermaldynamics:cover:0, Крышка (Мох нижнего мира)
thermaldynamics:cover:0, Крышка (Трава нижнего мира)
thermaldynamics:cover:0, Крышка (Тростник нижнего мира)
thermaldynamics:cover:0, Крышка (Сталагнат)
thermaldynamics:cover:0, Крышка (Семя сталагната)
thermaldynamics:cover:0, Крышка (Кора сталагната)
thermaldynamics:cover:0, Крышка (Сталагнатовые доски)
thermaldynamics:cover:0, Крышка (Сталагнатовые ступени)
thermaldynamics:cover:0, Крышка (Сталагнатовая плита)
thermaldynamics:cover:0, Крышка (Сталагнатовый забор)
thermaldynamics:cover:0, Крышка (Сталагнатовые ворота)
thermaldynamics:cover:0, Крышка (Сталагнатовая кнопка)
thermaldynamics:cover:0, Крышка (Сталагнатовая нажимная плита)
thermaldynamics:cover:0, Крышка (Тростниковый блок)
thermaldynamics:cover:0, Крышка (Тростниковые ступени)
thermaldynamics:cover:0, Крышка (Тростниковая плита)
thermaldynamics:cover:0, Крышка (Тростниковый забор)
thermaldynamics:cover:0, Крышка (Тростниковые ворота)
thermaldynamics:cover:0, Крышка (Тростниковая кнопка)
thermaldynamics:cover:0, Крышка (Тростниковая нажимная плита)
thermaldynamics:cover:0, Крышка (Спора люциса)
thermaldynamics:cover:0, Крышка (Кактус нижнего мира)
thermaldynamics:cover:0, Крышка (Семя нароста)
thermaldynamics:cover:0, Крышка (Бочковидный кактус)
thermaldynamics:cover:0, Крышка (Агава)
thermaldynamics:cover:0, Крышка (Чёрный куст)
thermaldynamics:cover:0, Крышка (Семя чернильного куста)
thermaldynamics:cover:0, Крышка (Курильщик)
thermaldynamics:cover:0, Крышка (Яйцевидное растение)
thermaldynamics:cover:0, Крышка (Семя чёрного яблока)
thermaldynamics:cover:0, Крышка (Семя магмового цветка)
thermaldynamics:cover:0, Крышка (Мицелий нижнего мира)
thermaldynamics:cover:0, Крышка (Оранжевый гриб)
thermaldynamics:cover:0, Крышка (Красная плесень)
thermaldynamics:cover:0, Крышка (Серая плесень)
thermaldynamics:cover:0, Крышка (Цинцинназитовая руда)
thermaldynamics:cover:0, Крышка (Цинцинназитовый блок)
thermaldynamics:cover:0, Крышка (Сплавленный цинцинназитовый блок)
thermaldynamics:cover:0, Крышка (Цинцинназитовая колонна)
thermaldynamics:cover:0, Крышка (Цинцинназитовые кирпичи)
thermaldynamics:cover:0, Крышка (Цинцинназитовая кирпичная плита)
thermaldynamics:cover:0, Крышка (Цинцинназитовые ступени)
thermaldynamics:cover:0, Крышка (Цинцинназитовая плита)
thermaldynamics:cover:0, Крышка (Цинцинназитовая кнопка)
thermaldynamics:cover:0, Крышка (Цинцинназитовая нажимная плита)
thermaldynamics:cover:0, Крышка (Цинцинназитовый фонарь)
thermaldynamics:cover:0, Крышка (Большая цинцинназитовая плитка)
thermaldynamics:cover:0, Крышка (Маленькая цинцинназитовая плитка)
thermaldynamics:cover:0, Крышка (Резной цинцинназит)
thermaldynamics:cover:0, Крышка (Большая плитка из кирпича нижнего мира)
thermaldynamics:cover:0, Крышка (Маленькая плитка из кирпича нижнего мира)
thermaldynamics:cover:0, Крышка (Цинцинназитовая стена)
thermaldynamics:cover:0, Крышка (Костный блок)
thermaldynamics:cover:0, Крышка (Костяные ступени)
thermaldynamics:cover:0, Крышка (Костяная плита)
thermaldynamics:cover:0, Крышка (Костяная кнопка)
thermaldynamics:cover:0, Крышка (Костяная нажимная плита)
thermaldynamics:cover:0, Крышка (Цинцинназитовая огненная чаша)
thermaldynamics:cover:0, Крышка (Костяная стена)
thermaldynamics:cover:0, Крышка (Стена из кирпича нижнего мира)
thermaldynamics:cover:0, Крышка (Плита из маленькой плитки)
thermaldynamics:cover:0, Крышка (Ступени из маленькой плитки)
thermaldynamics:cover:0, Крышка (Споры костяного гриба)
thermaldynamics:cover:0, Крышка (Тростниковая лестница)
thermaldynamics:cover:0, Крышка (Колонна из цинцинназитового кирпича)
thermaldynamics:cover:0, Крышка (Костяная плитка)
thermaldynamics:cover:0, Крышка (Цинцинназитовый пьедестал)
thermaldynamics:cover:0, Крышка (Статуя возрождения)
thermaldynamics:cover:0, Крышка (Цинцинназитовый горшок)
thermaldynamics:cover:0, Крышка (Цинцинназитовая рамка)
thermaldynamics:cover:0, Крышка (Кварцевое стекло)
thermaldynamics:cover:0, Крышка (Кварцевое стекло в рамке)
thermaldynamics:cover:0, Крышка (Белое кварцевое стекло)
thermaldynamics:cover:0, Крышка (Оранжевое кварцевое стекло)
thermaldynamics:cover:0, Крышка (Фиолетовое кварцевое стекло)
thermaldynamics:cover:0, Крышка (Голубое кварцевое стекло)
thermaldynamics:cover:0, Крышка (Жёлтое кварцевое стекло)
thermaldynamics:cover:0, Крышка (Лаймовое кварцевое стекло)
thermaldynamics:cover:0, Крышка (Розовое кварцевое стекло)
thermaldynamics:cover:0, Крышка (Серое кварцевое стекло)
thermaldynamics:cover:0, Крышка (Светло-серое кварцевое стекло)
thermaldynamics:cover:0, Крышка (Бирюзовое кварцевое стекло)
thermaldynamics:cover:0, Крышка (Пурпурное кварцевое стекло)
thermaldynamics:cover:0, Крышка (Синее кварцевое стекло)
thermaldynamics:cover:0, Крышка (Коричневое кварцевое стекло)
thermaldynamics:cover:0, Крышка (Зелёное кварцевое стекло)
thermaldynamics:cover:0, Крышка (Красное кварцевое стекло)
thermaldynamics:cover:0, Крышка (Чёрное кварцевое стекло)
thermaldynamics:cover:0, Крышка (Цинцинназитовая решётка)
thermaldynamics:cover:0, Крышка (Панель из кварцевого стекла)
thermaldynamics:cover:0, Крышка (Панель из кварцевого стекла в рамке)
thermaldynamics:cover:0, Крышка (Костяно-тростниковая дверь)
thermaldynamics:cover:0, Крышка (Костяно-цинцинназитовая дверь)
thermaldynamics:cover:0, Крышка (Белое кварцевое стекло в рамке)
thermaldynamics:cover:0, Крышка (Оранжевое кварцевое стекло в рамке)
thermaldynamics:cover:0, Крышка (Фиолетовое кварцевое стекло в рамке)
thermaldynamics:cover:0, Крышка (Голубое кварцевое стекло в рамке)
thermaldynamics:cover:0, Крышка (Жёлтое кварцевое стекло в рамке)
thermaldynamics:cover:0, Крышка (Лаймовое кварцевое стекло в рамке)
thermaldynamics:cover:0, Крышка (Розовое кварцевое стекло в рамке)
thermaldynamics:cover:0, Крышка (Серое кварцевое стекло в рамке)
thermaldynamics:cover:0, Крышка (Светло-серое кварцевое стекло в рамке)
thermaldynamics:cover:0, Крышка (Бирюзовое кварцевое стекло в рамке)
thermaldynamics:cover:0, Крышка (Пурпурное кварцевое стекло в рамке)
thermaldynamics:cover:0, Крышка (Синее кварцевое стекло в рамке)
thermaldynamics:cover:0, Крышка (Коричневое кварцевое стекло в рамке)
thermaldynamics:cover:0, Крышка (Зелёное кварцевое стекло в рамке)
thermaldynamics:cover:0, Крышка (Красное кварцевое стекло в рамке)
thermaldynamics:cover:0, Крышка (Чёрное кварцевое стекло в рамке)
thermaldynamics:cover:0, Крышка (Спектральный Мох)
thermaldynamics:cover:0, Крышка (Заросший Камень)
thermaldynamics:cover:0, Крышка (Глинистый Блок Травы)
thermaldynamics:cover:0, Крышка (Песчаный Блок Травы)
thermaldynamics:cover:0, Крышка (Илистый Блок Травы)
thermaldynamics:cover:0, Крышка (Изначальный Блок Травы)
thermaldynamics:cover:0, Крышка (Заросший Адский Камень)
thermaldynamics:cover:0, Крышка (Цветущий Блок Травы)
thermaldynamics:cover:0, Крышка (Мицелиевый Адский Камень)
thermaldynamics:cover:0, Крышка (Грубая Глинистая Земля)
thermaldynamics:cover:0, Крышка (Глинистая Земля)
thermaldynamics:cover:0, Крышка (Грубая Песчаная Земля)
thermaldynamics:cover:0, Крышка (Песчаная Земля)
thermaldynamics:cover:0, Крышка (Грубая Илистая Земля)
thermaldynamics:cover:0, Крышка (Илистая Земля)
thermaldynamics:cover:0, Крышка (Белый Песок)
thermaldynamics:cover:0, Крышка (Белый Песчаник)
thermaldynamics:cover:0, Крышка (Резной Белый Песчаник)
thermaldynamics:cover:0, Крышка (Гладкий Белый Песчаник)
thermaldynamics:cover:0, Крышка (Ступеньки из Белого Песчаника)
thermaldynamics:cover:0, Крышка (Сухой Песок)
thermaldynamics:cover:0, Крышка (Затвердевший Лёд)
thermaldynamics:cover:0, Крышка (Пепельный Блок)
thermaldynamics:cover:0, Крышка (Грязь)
thermaldynamics:cover:0, Крышка (Плоть)
thermaldynamics:cover:0, Крышка (Небесный Кристалл)
thermaldynamics:cover:0, Крышка (Руда Эссенции Биома)
thermaldynamics:cover:0, Крышка (Аметистовая Руда из Края)
thermaldynamics:cover:0, Крышка (Рубиновая Руда)
thermaldynamics:cover:0, Крышка (Хризолитовая Руда)
thermaldynamics:cover:0, Крышка (Топазовая Руда)
thermaldynamics:cover:0, Крышка (Танзанитовая Руда)
thermaldynamics:cover:0, Крышка (Малахитовая Руда)
thermaldynamics:cover:0, Крышка (Сапфировая Руда)
thermaldynamics:cover:0, Крышка (Янтарная Руда)
thermaldynamics:cover:0, Крышка (Блок Аметиста)
thermaldynamics:cover:0, Крышка (Блок Рубина)
thermaldynamics:cover:0, Крышка (Блок Хризолита)
thermaldynamics:cover:0, Крышка (Блок Топаза)
thermaldynamics:cover:0, Крышка (Блок Танзанита)
thermaldynamics:cover:0, Крышка (Блок Малахита)
thermaldynamics:cover:0, Крышка (Блок Сапфира)
thermaldynamics:cover:0, Крышка (Блок Янтаря)
thermaldynamics:cover:0, Крышка (Блок Улья)
thermaldynamics:cover:0, Крышка (Блок Медового Сота)
thermaldynamics:cover:0, Крышка (Пустой Блок Медового Сота)
thermaldynamics:cover:0, Крышка (Заполненный Блок Медового Сота)
thermaldynamics:cover:0, Крышка (Медовый Блок)
thermaldynamics:cover:0, Крышка (Бамбуковая Солома)
thermaldynamics:cover:0, Крышка (Кирпичи из Грязи)
thermaldynamics:cover:0, Крышка (Ступеньки из Грязи)
thermaldynamics:cover:0, Крышка (Плитка из Грязи)
thermaldynamics:cover:0, Крышка (Плита из Белого Песчаника)
thermaldynamics:cover:0, Крышка (Священный Дуб)
thermaldynamics:cover:0, Крышка (Вишнёвое Дерево)
thermaldynamics:cover:0, Крышка (Теневое Дерево)
thermaldynamics:cover:0, Крышка (Пихта)
thermaldynamics:cover:0, Крышка (Эфирное Дерево)
thermaldynamics:cover:0, Крышка (Магическое Дерево)
thermaldynamics:cover:0, Крышка (Мангровое Дерево)
thermaldynamics:cover:0, Крышка (Пальма)
thermaldynamics:cover:0, Крышка (Красное Дерево)
thermaldynamics:cover:0, Крышка (Ива)
thermaldynamics:cover:0, Крышка (Сосна)
thermaldynamics:cover:0, Крышка (Адское Дерево)
thermaldynamics:cover:0, Крышка (Жакаранда)
thermaldynamics:cover:0, Крышка (Махагони)
thermaldynamics:cover:0, Крышка (Эбеновое Дерево)
thermaldynamics:cover:0, Крышка (Эвкалипт)
thermaldynamics:cover:0, Крышка (Стебель Гигантского Цветка)
thermaldynamics:cover:0, Крышка (Мёртвое Дерево)
thermaldynamics:cover:0, Крышка (Пожелтевшие Осенние Листья)
thermaldynamics:cover:0, Крышка (Покрасневшие Осенние Листья)
thermaldynamics:cover:0, Крышка (Бамбуковые Листья)
thermaldynamics:cover:0, Крышка (Магические Листья)
thermaldynamics:cover:0, Крышка (Теневые Листья)
thermaldynamics:cover:0, Крышка (Мертвые Листья)
thermaldynamics:cover:0, Крышка (Пихтовые Листья)
thermaldynamics:cover:0, Крышка (Эфирные Листья)
thermaldynamics:cover:0, Крышка (Изначальные Листья)
thermaldynamics:cover:0, Крышка (Розовые Вишнёвые Листья)
thermaldynamics:cover:0, Крышка (Белые Вишнёвые Листья)
thermaldynamics:cover:0, Крышка (Клёновые Листья)
thermaldynamics:cover:0, Крышка (Листья Адского Дерева)
thermaldynamics:cover:0, Крышка (Листья Цветущий Дуба)
thermaldynamics:cover:0, Крышка (Жакарандовые Листья)
thermaldynamics:cover:0, Крышка (Листья Священного Дуба)
thermaldynamics:cover:0, Крышка (Мангровые Листья)
thermaldynamics:cover:0, Крышка (Пальмовые Листья)
thermaldynamics:cover:0, Крышка (Листья Красного Дерева)
thermaldynamics:cover:0, Крышка (Ивовые Листья)
thermaldynamics:cover:0, Крышка (Сосновые Листья)
thermaldynamics:cover:0, Крышка (Махагоневые Листья)
thermaldynamics:cover:0, Крышка (Эбеновые Листья)
thermaldynamics:cover:0, Крышка (Эвкалиптовые Листья)
thermaldynamics:cover:0, Крышка (Лепесток Красного Гигантского Цветка)
thermaldynamics:cover:0, Крышка (Лепесток Жёлтого Гигантского Цветка)
thermaldynamics:cover:0, Крышка (Доски из Священного Дуба)
thermaldynamics:cover:0, Крышка (Вишнёвые Доски)
thermaldynamics:cover:0, Крышка (Теневые Доски)
thermaldynamics:cover:0, Крышка (Пихтовые Доски)
thermaldynamics:cover:0, Крышка (Эфирные Доски)
thermaldynamics:cover:0, Крышка (Магические Доски)
thermaldynamics:cover:0, Крышка (Мангровые Доски)
thermaldynamics:cover:0, Крышка (Пальмовые Доски)
thermaldynamics:cover:0, Крышка (Доски из Красного Дерева)
thermaldynamics:cover:0, Крышка (Ивовые Доски)
thermaldynamics:cover:0, Крышка (Сосновые Доски)
thermaldynamics:cover:0, Крышка (Доски из Адского Дерева)
thermaldynamics:cover:0, Крышка (Жакарандовые Доски)
thermaldynamics:cover:0, Крышка (Махагоновые Доски)
thermaldynamics:cover:0, Крышка (Эбеновые Доски)
thermaldynamics:cover:0, Крышка (Эвкалиптовые Доски)
thermaldynamics:cover:0, Крышка (Ступеньки из Священного Дуба)
thermaldynamics:cover:0, Крышка (Лестница Вишнёвого Дерева)
thermaldynamics:cover:0, Крышка (Теневые Ступеньки)
thermaldynamics:cover:0, Крышка (Пихтовые Ступеньки)
thermaldynamics:cover:0, Крышка (Эфирные Ступеньки)
thermaldynamics:cover:0, Крышка (Ступеньки из Магического Дерева)
thermaldynamics:cover:0, Крышка (Мангровые Ступеньки)
thermaldynamics:cover:0, Крышка (Пальмовые Ступеньки)
thermaldynamics:cover:0, Крышка (Ступеньки из Красного Дерева)
thermaldynamics:cover:0, Крышка (Ивовые Ступеньки)
thermaldynamics:cover:0, Крышка (Сосновые Ступеньки)
thermaldynamics:cover:0, Крышка (Ступеньки из Адского Дерева)
thermaldynamics:cover:0, Крышка (Жакарандовые Ступеньки)
thermaldynamics:cover:0, Крышка (Махагоновые Ступеньки)
thermaldynamics:cover:0, Крышка (Эбеновые Ступеньки)
thermaldynamics:cover:0, Крышка (Эвкалиптовые Ступеньки)
thermaldynamics:cover:0, Крышка (Плита из Священного Дуба)
thermaldynamics:cover:0, Крышка (Плита Вишнёвого Дерева)
thermaldynamics:cover:0, Крышка (Теневая Плитка)
thermaldynamics:cover:0, Крышка (Пихтовый Плитка)
thermaldynamics:cover:0, Крышка (Эфирная Плитка)
thermaldynamics:cover:0, Крышка (Плита из Магического Дерева)
thermaldynamics:cover:0, Крышка (Мангровая Плитка)
thermaldynamics:cover:0, Крышка (Пальмовая Плитка)
thermaldynamics:cover:0, Крышка (Плитка из Красного Дерева)
thermaldynamics:cover:0, Крышка (Ивоваа Плитка)
thermaldynamics:cover:0, Крышка (Сосновая Плитка)
thermaldynamics:cover:0, Крышка (Плита из Адского Дерева)
thermaldynamics:cover:0, Крышка (Жакарандовая Плитка)
thermaldynamics:cover:0, Крышка (Махагоновая Плитка)
thermaldynamics:cover:0, Крышка (Эбоновая Плитка)
thermaldynamics:cover:0, Крышка (Эвкалиптовая Плитка)
thermaldynamics:cover:0, Крышка (Забор из Священного Дуба)
thermaldynamics:cover:0, Крышка (Вишнёвый Забор)
thermaldynamics:cover:0, Крышка (Теневой Забор)
thermaldynamics:cover:0, Крышка (Пихтовый Забор)
thermaldynamics:cover:0, Крышка (Эфирный Забор)
thermaldynamics:cover:0, Крышка (Забор из Магического Дерева)
thermaldynamics:cover:0, Крышка (Мангровый Забор)
thermaldynamics:cover:0, Крышка (Пальмовый Забор)
thermaldynamics:cover:0, Крышка (Забор из Красного Дерева)
thermaldynamics:cover:0, Крышка (Ивовый Забор)
thermaldynamics:cover:0, Крышка (Сосновый Забор)
thermaldynamics:cover:0, Крышка (Забор из Адского Дерева)
thermaldynamics:cover:0, Крышка (Жакарандовый Забор)
thermaldynamics:cover:0, Крышка (Махагоновый Забор)
thermaldynamics:cover:0, Крышка (Забор из Эбенового Дерева)
thermaldynamics:cover:0, Крышка (Эвкалиптовый Забор)
thermaldynamics:cover:0, Крышка (Калитка из Священного Дуба)
thermaldynamics:cover:0, Крышка (Вишнёвая Калитка)
thermaldynamics:cover:0, Крышка (Теневая Калитка)
thermaldynamics:cover:0, Крышка (Пихтовая Калитка)
thermaldynamics:cover:0, Крышка (Эфирная Калитка)
thermaldynamics:cover:0, Крышка (Калитка из Магического Дерева)
thermaldynamics:cover:0, Крышка (Мангровая Калитка)
thermaldynamics:cover:0, Крышка (Пальмовая Калитка)
thermaldynamics:cover:0, Крышка (Калитка из Красного Дерева)
thermaldynamics:cover:0, Крышка (Ивовая Калитка)
thermaldynamics:cover:0, Крышка (Сосновая Калитка)
thermaldynamics:cover:0, Крышка (Калитка из Адского Дерева)
thermaldynamics:cover:0, Крышка (Жакарандовая Калитка)
thermaldynamics:cover:0, Крышка (Махагоновая Калитка)
thermaldynamics:cover:0, Крышка (Эбеновая Калитка)
thermaldynamics:cover:0, Крышка (Эвкалиптовая Калитка)
thermaldynamics:cover:0, Крышка (Розовый Коралл)
thermaldynamics:cover:0, Крышка (Оранжевый Коралл)
thermaldynamics:cover:0, Крышка (Синий Коралл)
thermaldynamics:cover:0, Крышка (Светящиеся Коралл)
thermaldynamics:cover:0, Крышка (Водоросли)
thermaldynamics:cover:0, Крышка (Ламинария)
thermaldynamics:cover:0, Крышка (Средняя Кувшинка)
thermaldynamics:cover:0, Крышка (Маленькая Кувшинка)
thermaldynamics:cover:0, Крышка (Крошечная Кувшинка)
thermaldynamics:cover:0, Крышка (Цветущая Лилия)
thermaldynamics:cover:0, Крышка (Бамбук)
thermaldynamics:cover:0, Крышка (Саженец Пожелтевших Листьев)
thermaldynamics:cover:0, Крышка (Саженец Покрасневших Листьев)
thermaldynamics:cover:0, Крышка (Бамбуковый Саженец)
thermaldynamics:cover:0, Крышка (Магический Саженец)
thermaldynamics:cover:0, Крышка (Теневой Саженец)
thermaldynamics:cover:0, Крышка (Мёртвый Саженец)
thermaldynamics:cover:0, Крышка (Пихтовый Саженец)
thermaldynamics:cover:0, Крышка (Эфирный Саженец)
thermaldynamics:cover:0, Крышка (Изначальный Саженец)
thermaldynamics:cover:0, Крышка (Розовая Вишнёвый Саженец)
thermaldynamics:cover:0, Крышка (Белый Вишнёвый Саженец)
thermaldynamics:cover:0, Крышка (Кленовый Саженец)
thermaldynamics:cover:0, Крышка (Саженец из Адского Дерева)
thermaldynamics:cover:0, Крышка (Саженец Цветущегой Дуба)
thermaldynamics:cover:0, Крышка (Жакарандовый Саженец)
thermaldynamics:cover:0, Крышка (Саженец Священного Дуба)
thermaldynamics:cover:0, Крышка (Мангрововый Саженец)
thermaldynamics:cover:0, Крышка (Пальмовый Саженец)
thermaldynamics:cover:0, Крышка (Саженец Красного Дерева)
thermaldynamics:cover:0, Крышка (Ивовый Саженец)
thermaldynamics:cover:0, Крышка (Сосновый Саженец)
thermaldynamics:cover:0, Крышка (Махагоновый Саженец)
thermaldynamics:cover:0, Крышка (Эбеновый Саженец)
thermaldynamics:cover:0, Крышка (Эвкалиптовый Саженец)
thermaldynamics:cover:0, Крышка (Короткая трава)
thermaldynamics:cover:0, Крышка (Средняя трава)
thermaldynamics:cover:0, Крышка (Кустарник)
thermaldynamics:cover:0, Крышка (Росток)
thermaldynamics:cover:0, Крышка (Ядовитый Плющ)
thermaldynamics:cover:0, Крышка (Ягодный Куст)
thermaldynamics:cover:0, Крышка (Куст)
thermaldynamics:cover:0, Крышка (Пшеничная Трава)
thermaldynamics:cover:0, Крышка (Сырая Трава)
thermaldynamics:cover:0, Крышка (Кору)
thermaldynamics:cover:0, Крышка (Клеверная Повязка)
thermaldynamics:cover:0, Крышка (Куча Листьев)
thermaldynamics:cover:0, Крышка (Куча Мёртвых Листьев)
thermaldynamics:cover:0, Крышка (Мёртвая Трава)
thermaldynamics:cover:0, Крышка (Пустынная Трава)
thermaldynamics:cover:0, Крышка (Пустынные Ростки)
thermaldynamics:cover:0, Крышка (Дюнная Трава)
thermaldynamics:cover:0, Крышка (Спектральный Папоротник)
thermaldynamics:cover:0, Крышка (Колючий Кустарник)
thermaldynamics:cover:0, Крышка (Дикий Рис)
thermaldynamics:cover:0, Крышка (Рогоз)
thermaldynamics:cover:0, Крышка (Речной Тростник)
thermaldynamics:cover:0, Крышка (Крошечный Кактус)
thermaldynamics:cover:0, Крышка (Дьявольская Трава)
thermaldynamics:cover:0, Крышка (Камыш)
thermaldynamics:cover:0, Крышка (Корень)
thermaldynamics:cover:0, Крышка (Раффлезия)
thermaldynamics:cover:0, Крышка (Ячмень)
thermaldynamics:cover:0, Крышка (Лён)
thermaldynamics:cover:0, Крышка (Высокий Рогоз)
thermaldynamics:cover:0, Крышка (Глазное Яблоко)
thermaldynamics:cover:0, Крышка (Морской Овёс)
thermaldynamics:cover:0, Крышка (Поганка)
thermaldynamics:cover:0, Крышка (Портобелло)
thermaldynamics:cover:0, Крышка (Млечник Голубой)
thermaldynamics:cover:0, Крышка (Светящиеся Гриб)
thermaldynamics:cover:0, Крышка (Плоский Гриб)
thermaldynamics:cover:0, Крышка (Тёмный Гриб)
thermaldynamics:cover:0, Крышка (Ежевика)
thermaldynamics:cover:0, Крышка (Клевер)
thermaldynamics:cover:0, Крышка (Болотный Цветок)
thermaldynamics:cover:0, Крышка (Смертельный Цветок)
thermaldynamics:cover:0, Крышка (Светящиеся Цветок)
thermaldynamics:cover:0, Крышка (Синяя Гортензия)
thermaldynamics:cover:0, Крышка (Оранжевая Космея)
thermaldynamics:cover:0, Крышка (Розовый Нарцисс)
thermaldynamics:cover:0, Крышка (Дикий Цветок)
thermaldynamics:cover:0, Крышка (Фиалка)
thermaldynamics:cover:0, Крышка (Белый Анемон)
thermaldynamics:cover:0, Крышка (Лотос Края)
thermaldynamics:cover:0, Крышка (Бромелия)
thermaldynamics:cover:0, Крышка (Увядшая Лилия)
thermaldynamics:cover:0, Крышка (Розовый Гибискус)
thermaldynamics:cover:0, Крышка (Ландыш)
thermaldynamics:cover:0, Крышка (Горицвет)
thermaldynamics:cover:0, Крышка (Лаванда)
thermaldynamics:cover:0, Крышка (Золотарник)
thermaldynamics:cover:0, Крышка (Колокольчики)
thermaldynamics:cover:0, Крышка (Радость Шахтёра)
thermaldynamics:cover:0, Крышка (Ледяной Ирис)
thermaldynamics:cover:0, Крышка (Роза)
thermaldynamics:cover:0, Крышка (Плющ)
thermaldynamics:cover:0, Крышка (Ивовая Лоза)
thermaldynamics:cover:0, Крышка (Террариум Папоротника)
thermaldynamics:cover:0, Крышка (Террариум Грибов)
thermaldynamics:cover:0, Крышка (Террариум Кактуса)
thermaldynamics:cover:0, Крышка (Террариум Льна)
thermaldynamics:cover:0, Крышка (Террариум Цветка)
thermaldynamics:cover:0, Крышка (Террариум Кору)
thermaldynamics:cover:0, Крышка (Террариум Бамбука)
thermaldynamics:cover:0, Крышка (Beach Terrarium)
thermaldynamics:cover:0, Крышка (Террариум Светящегося Гриба)
thermaldynamics:cover:0, Крышка (Террариум Засухи)
thermaldynamics:cover:0, Крышка (Мистический Террариум)
thermaldynamics:cover:0, Крышка (Зловещий Террариум)
thermaldynamics:cover:0, Крышка (Террариум Пустоши)
thermaldynamics:cover:0, Крышка (Изначальный Террариум)
thermaldynamics:cover:0, Крышка (Адский Террариум)
thermaldynamics:cover:0, Крышка (Террариум Края)
thermaldynamics:cover:0, Крышка (Тепличное стекло)
thermaldynamics:cover:0, Крышка (Медная руда)
thermaldynamics:cover:0, Крышка (Оловянная руда)
thermaldynamics:cover:0, Крышка (Серебряная руда)
thermaldynamics:cover:0, Крышка (Свинцовая руда)
thermaldynamics:cover:0, Крышка (Алюминиевая руда)
thermaldynamics:cover:0, Крышка (Никелевая руда)
thermaldynamics:cover:0, Крышка (Платиновая руда)
thermaldynamics:cover:0, Крышка (Иридиевая руда)
thermaldynamics:cover:0, Крышка (Мифриловая руда)
thermaldynamics:cover:0, Крышка (Нефтяной песок)
thermaldynamics:cover:0, Крышка (Нефтяной сланец)
thermaldynamics:cover:0, Крышка (Руда дестабилизированного красного камня)
thermaldynamics:cover:0, Крышка (Заряженный адский камень нижнего мира)
thermaldynamics:cover:0, Крышка (Резонирующий эндерняк)
thermaldynamics:cover:0, Крышка (Нефтяной песок)
thermaldynamics:cover:0, Крышка (Медный блок)
thermaldynamics:cover:0, Крышка (Оловянный блок)
thermaldynamics:cover:0, Крышка (Серебряный блок)
thermaldynamics:cover:0, Крышка (Свинцовый блок)
thermaldynamics:cover:0, Крышка (Алюминиевый блок)
thermaldynamics:cover:0, Крышка (Никелевый блок)
thermaldynamics:cover:0, Крышка (Платиновый блок)
thermaldynamics:cover:0, Крышка (Иридиевый блок)
thermaldynamics:cover:0, Крышка (Мифриловый блок)
thermaldynamics:cover:0, Крышка (Стальные блок)
thermaldynamics:cover:0, Крышка (Электрумовый блок)
thermaldynamics:cover:0, Крышка (Инваровый блок)
thermaldynamics:cover:0, Крышка (Бронзовый блок)
thermaldynamics:cover:0, Крышка (Константановый блок)
thermaldynamics:cover:0, Крышка (Синаловый блок)
thermaldynamics:cover:0, Крышка (Ламиумовый блок)
thermaldynamics:cover:0, Крышка (Блок эндериума)
thermaldynamics:cover:0, Крышка (Угольный блок)
thermaldynamics:cover:0, Крышка (Блок коксового угля)
thermaldynamics:cover:0, Крышка (Усиленное медное стекло)
thermaldynamics:cover:0, Крышка (Усиленное оловянное стекло)
thermaldynamics:cover:0, Крышка (Усиленное серебряное стекло)
thermaldynamics:cover:0, Крышка (Усиленное свинцовое стекло)
thermaldynamics:cover:0, Крышка (Усиленное алюминиевое стекло)
thermaldynamics:cover:0, Крышка (Усиленное никелевое стекло)
thermaldynamics:cover:0, Крышка (Усиленное платиновое стекло)
thermaldynamics:cover:0, Крышка (Усиленное иридиевое стекло)
thermaldynamics:cover:0, Крышка (Усиленное мифриловое стекло)
thermaldynamics:cover:0, Крышка (Усиленное стальное стекло)
thermaldynamics:cover:0, Крышка (Усиленное электрумовое стекло)
thermaldynamics:cover:0, Крышка (Усиленное инваровое стекло)
thermaldynamics:cover:0, Крышка (Усиленное бронзовое стекло)
thermaldynamics:cover:0, Крышка (Усиленное константовое стекло)
thermaldynamics:cover:0, Крышка (Усиленное синаловое стекло)
thermaldynamics:cover:0, Крышка (Усиленное ламиумовое стекло)
thermaldynamics:cover:0, Крышка (Усиленное эндериумное стекло)
thermaldynamics:cover:0, Крышка (Чёрная минеральная шерсть)
thermaldynamics:cover:0, Крышка (Красная минеральная шерсть)
thermaldynamics:cover:0, Крышка (Зелёная минеральная шерсть)
thermaldynamics:cover:0, Крышка (Коричневая минеральная шерсть)
thermaldynamics:cover:0, Крышка (Синяя минеральная шерсть)
thermaldynamics:cover:0, Крышка (Пурпурная минеральная шерсть)
thermaldynamics:cover:0, Крышка (Голубая минеральная шерсть)
thermaldynamics:cover:0, Крышка (Светло-серая минеральная шерсть)
thermaldynamics:cover:0, Крышка (Серая минеральная шерсть)
thermaldynamics:cover:0, Крышка (Розовая минеральная шерсть)
thermaldynamics:cover:0, Крышка (Лаймовая минеральная шерсть)
thermaldynamics:cover:0, Крышка (Жёлтая минеральная шерсть)
thermaldynamics:cover:0, Крышка (Светло-синяя минеральная шерсть)
thermaldynamics:cover:0, Крышка (Фиолетовая минеральная шерсть)
thermaldynamics:cover:0, Крышка (Оранжевая минеральная шерсть)
thermaldynamics:cover:0, Крышка (Белая минеральная шерсть)
thermalinnovation:drill:0, Флаксобур (основной)
thermalinnovation:drill:1, Флаксобур (усиленный)
thermalinnovation:drill:2, Флаксобур (укрепленный)
thermalinnovation:drill:3, Флаксобур (синаловый)
thermalinnovation:drill:4, Флаксобур (резонирующий)
thermalinnovation:drill:32000, Флаксобур (творческий)
thermalinnovation:saw:0, Флаксопила (основной)
thermalinnovation:saw:1, Флаксопила (усиленный)
thermalinnovation:saw:2, Флаксопила (укрепленный)
thermalinnovation:saw:3, Флаксопила (синаловый)
thermalinnovation:saw:4, Флаксопила (резонирующий)
thermalinnovation:saw:32000, Флаксопила (творческий)
thermalinnovation:magnet:0, Флаксомагнит (основной)
thermalinnovation:magnet:1, Флаксомагнит (усиленный)
thermalinnovation:magnet:2, Флаксомагнит (укрепленный)
thermalinnovation:magnet:3, Флаксомагнит (синаловый)
thermalinnovation:magnet:4, Флаксомагнит (резонирующий)
thermalinnovation:magnet:32000, Флаксомагнит (творческий)
thermalinnovation:injector:0, Шприц (основной)
thermalinnovation:injector:1, Шприц (усиленный)
thermalinnovation:injector:2, Шприц (укрепленный)
thermalinnovation:injector:3, Шприц (синаловый)
thermalinnovation:injector:4, Шприц (резонирующий)
thermalinnovation:injector:32000, Шприц (творческий)
thermalinnovation:quiver:0, Алхимический колчан (основной)
thermalinnovation:quiver:1, Алхимический колчан (усиленный)
thermalinnovation:quiver:2, Алхимический колчан (укрепленный)
thermalinnovation:quiver:3, Алхимический колчан (синаловый)
thermalinnovation:quiver:4, Алхимический колчан (резонирующий)
thermalinnovation:quiver:32000, Алхимический колчан (творческий)
forge:bucketfilled, %s Ведро
appliedenergistics2:quartz_ore, Руда истинного кварца
appliedenergistics2:charged_quartz_ore, Заряженная руда истинного кварца
appliedenergistics2:matrix_frame, Каркас матрицы
appliedenergistics2:quartz_block, Блок истинного кварца
appliedenergistics2:quartz_pillar, Колонна истинного кварца
appliedenergistics2:chiseled_quartz_block, Резной блок истинного кварца
appliedenergistics2:quartz_glass, Кварцевое стекло
appliedenergistics2:quartz_vibrant_glass, Энергичное кварцевое стекло
appliedenergistics2:quartz_fixture, Светильник из заряженного кварца
appliedenergistics2:fluix_block, Изменчивый блок
appliedenergistics2:sky_stone_block, Небесный камень
appliedenergistics2:smooth_sky_stone_block, Блок небесного камня
appliedenergistics2:sky_stone_brick, Кирпич небесного камня
appliedenergistics2:sky_stone_small_brick, Малый кирпич небесного камня
appliedenergistics2:sky_stone_chest, Сундук из небесного камня
appliedenergistics2:smooth_sky_stone_chest, Сундук из блока небесного камня
appliedenergistics2:sky_compass, Метеоритный компас
appliedenergistics2:grindstone, Кварцевый дробитель
appliedenergistics2:crank, Деревянная рукоятка
appliedenergistics2:inscriber, Высекатель
appliedenergistics2:wireless_access_point, МЭ беспроводная точка доступа
appliedenergistics2:charger, Зарядник
appliedenergistics2:tiny_tnt, Маленький динамит
appliedenergistics2:security_station, МЭ терминал безопасности
appliedenergistics2:quantum_ring, МЭ квантовое кольцо
appliedenergistics2:quantum_link, МЭ камера квантовой связи
appliedenergistics2:spatial_pylon, Пространственный пилон
appliedenergistics2:spatial_io_port, Пространственный порт ввода\вывода
appliedenergistics2:controller, МЭ контроллер
appliedenergistics2:drive, МЭ накопитель
appliedenergistics2:chest, МЭ сундук
appliedenergistics2:interface, МЭ интерфейс
appliedenergistics2:fluid_interface, ME Fluid Interface
appliedenergistics2:cell_workbench, Верстак для ячеек
appliedenergistics2:io_port, МЭ порт ввода\вывода
appliedenergistics2:condenser, Конденсатор материи
appliedenergistics2:energy_acceptor, Приёмщик энергии
appliedenergistics2:vibration_chamber, Вибрационная камера
appliedenergistics2:quartz_growth_accelerator, Ускоритель роста кристаллов
appliedenergistics2:energy_cell, Энергетическая ячейка
appliedenergistics2:dense_energy_cell, Плотная энергетическая ячейка
appliedenergistics2:creative_energy_cell, Творческая энергетическая ячейка
appliedenergistics2:crafting_unit, Блок крафта
appliedenergistics2:crafting_accelerator, Блок обработки крафта
appliedenergistics2:crafting_storage_1k, 1К хранилище крафта
appliedenergistics2:crafting_storage_4k, 4К хранилище крафта
appliedenergistics2:crafting_storage_16k, 16К хранилище крафта
appliedenergistics2:crafting_storage_64k, 64К хранилище крафта
appliedenergistics2:crafting_monitor, Монитор крафта
appliedenergistics2:molecular_assembler, Молекулярный сборщик
appliedenergistics2:light_detector, Светильник обнаружения света
appliedenergistics2:paint, tile.appliedenergistics2.paint.name
appliedenergistics2:sky_stone_stairs, Ступеньки из небесного камня
appliedenergistics2:smooth_sky_stone_stairs, Ступеньки из блока небесного камня
appliedenergistics2:sky_stone_brick_stairs, Ступеньки из кирпича небесного камня
appliedenergistics2:sky_stone_small_brick_stairs, Ступеньки из малого кирпича небесного камня
appliedenergistics2:fluix_stairs, Изменчивые ступеньки
appliedenergistics2:quartz_stairs, Ступеньки из истинного кварца
appliedenergistics2:chiseled_quartz_stairs, Ступеньки из резного истинного кварца
appliedenergistics2:quartz_pillar_stairs, Ступеньки из колонны истинного кварца
appliedenergistics2:cable_bus, AE2 кабель и/или шина
appliedenergistics2:sky_stone_slab:0, Плита из небесного камня
appliedenergistics2:smooth_sky_stone_slab:0, Плита из блока небесного камня
appliedenergistics2:sky_stone_brick_slab:0, Плита из кирпича небесного камня
appliedenergistics2:sky_stone_small_brick_slab:0, Плита из малого кирпича небесного камня
appliedenergistics2:fluix_slab:0, Изменчивая плита
appliedenergistics2:quartz_slab:0, Плита из истинного кварца
appliedenergistics2:chiseled_quartz_slab:0, Плита из резного истинного кварца
appliedenergistics2:quartz_pillar_slab:0, Плита из колонны истинного кварца
appliedenergistics2:certus_quartz_axe, Топор из истинного кварца
appliedenergistics2:certus_quartz_hoe, Мотыга из истинного кварца
appliedenergistics2:certus_quartz_spade, Лопата из истинного кварца
appliedenergistics2:certus_quartz_pickaxe, Кирка из истинного кварца
appliedenergistics2:certus_quartz_sword, Меч из истинного кварца
appliedenergistics2:certus_quartz_wrench, Гаечный ключ из истинного кварца
appliedenergistics2:certus_quartz_cutting_knife, Нож из истинного кварца
appliedenergistics2:nether_quartz_axe, Топор из незер-кварца
appliedenergistics2:nether_quartz_hoe, Мотыга из незер-кварца
appliedenergistics2:nether_quartz_spade, Лопата из незер-кварца
appliedenergistics2:nether_quartz_pickaxe, Кирка из незер-кварца
appliedenergistics2:nether_quartz_sword, Меч из незер-кварца
appliedenergistics2:nether_quartz_wrench, Гаечный ключ из незер-кварца
appliedenergistics2:nether_quartz_cutting_knife, Нож из незер-кварца
appliedenergistics2:entropy_manipulator, Манипулятор энтропией
appliedenergistics2:wireless_terminal, Беспроводной терминал
appliedenergistics2:charged_staff, Заряженный посох
appliedenergistics2:matter_cannon, Материальная пушка
appliedenergistics2:portable_cell, Переносная ячейка
appliedenergistics2:color_applicator, Аппликатор цвета
appliedenergistics2:biometric_card, Биометрическая карта
appliedenergistics2:memory_card, Карта памяти
appliedenergistics2:network_tool, Сетевой инструмент
appliedenergistics2:creative_storage_cell, Творческая МЭ ячейка хранения
appliedenergistics2:view_cell, Ячейка представления
appliedenergistics2:storage_cell_1k, 1К МЭ ячейка хранения
appliedenergistics2:storage_cell_4k, 4К МЭ ячейка хранения
appliedenergistics2:storage_cell_16k, 16К МЭ ячейка хранения
appliedenergistics2:storage_cell_64k, 64К МЭ ячейка хранения
appliedenergistics2:fluid_storage_cell_1k, 1k ME Fluid Storage Cell
appliedenergistics2:fluid_storage_cell_4k, 4k ME Fluid Storage Cell
appliedenergistics2:fluid_storage_cell_16k, 16k ME Fluid Storage Cell
appliedenergistics2:fluid_storage_cell_64k, 64k ME Fluid Storage Cell
appliedenergistics2:spatial_storage_cell_2_cubed, 2³ пространственная ячейка хранения
appliedenergistics2:spatial_storage_cell_16_cubed, 16³ пространственная ячейка хранения
appliedenergistics2:spatial_storage_cell_128_cubed, 128³ пространственная ячейка хранения
appliedenergistics2:facade:0, Кабельный фасад - Камень
appliedenergistics2:facade:0, Кабельный фасад - Гранит
appliedenergistics2:facade:0, Кабельный фасад - Полированный гранит
appliedenergistics2:facade:0, Кабельный фасад - Диорит
appliedenergistics2:facade:0, Кабельный фасад - Полированный диорит
appliedenergistics2:facade:0, Кабельный фасад - Андезит
appliedenergistics2:facade:0, Кабельный фасад - Полированный андезит
appliedenergistics2:facade:0, Кабельный фасад - Дёрн
appliedenergistics2:facade:0, Кабельный фасад - Земля
appliedenergistics2:facade:0, Кабельный фасад - Каменистая земля
appliedenergistics2:facade:0, Кабельный фасад - Подзол
appliedenergistics2:facade:0, Кабельный фасад - Булыжник
appliedenergistics2:facade:0, Кабельный фасад - Дубовые доски
appliedenergistics2:facade:0, Кабельный фасад - Еловые доски
appliedenergistics2:facade:0, Кабельный фасад - Берёзовые доски
appliedenergistics2:facade:0, Кабельный фасад - Доски из тропического дерева
appliedenergistics2:facade:0, Кабельный фасад - Акациевые доски
appliedenergistics2:facade:0, Кабельный фасад - Доски из тёмного дуба
appliedenergistics2:facade:0, Кабельный фасад - Бедрок
appliedenergistics2:facade:0, Кабельный фасад - Песок
appliedenergistics2:facade:0, Кабельный фасад - Красный песок
appliedenergistics2:facade:0, Кабельный фасад - Гравий
appliedenergistics2:facade:0, Кабельный фасад - Золотая руда
appliedenergistics2:facade:0, Кабельный фасад - Железная руда
appliedenergistics2:facade:0, Кабельный фасад - Каменный уголь
appliedenergistics2:facade:0, Кабельный фасад - Дуб
appliedenergistics2:facade:0, Кабельный фасад - Ель
appliedenergistics2:facade:0, Кабельный фасад - Берёза
appliedenergistics2:facade:0, Кабельный фасад - Тропическое дерево
appliedenergistics2:facade:0, Кабельный фасад - Дубовые листья
appliedenergistics2:facade:0, Кабельный фасад - Хвоя
appliedenergistics2:facade:0, Кабельный фасад - Берёзовые листья
appliedenergistics2:facade:0, Кабельный фасад - Листья тропического дерева
appliedenergistics2:facade:0, Кабельный фасад - Губка
appliedenergistics2:facade:0, Кабельный фасад - Мокрая губка
appliedenergistics2:facade:0, Кабельный фасад - Стекло
appliedenergistics2:facade:0, Кабельный фасад - Лазуритовая руда
appliedenergistics2:facade:0, Кабельный фасад - Лазуритовый блок
appliedenergistics2:facade:0, Кабельный фасад - Песчаник
appliedenergistics2:facade:0, Кабельный фасад - Резной песчаник
appliedenergistics2:facade:0, Кабельный фасад - Гладкий песчаник
appliedenergistics2:facade:0, Кабельный фасад - Белая шерсть
appliedenergistics2:facade:0, Кабельный фасад - Оранжевая шерсть
appliedenergistics2:facade:0, Кабельный фасад - Пурпурная шерсть
appliedenergistics2:facade:0, Кабельный фасад - Голубая шерсть
appliedenergistics2:facade:0, Кабельный фасад - Жёлтая шерсть
appliedenergistics2:facade:0, Кабельный фасад - Лаймовая шерсть
appliedenergistics2:facade:0, Кабельный фасад - Розовая шерсть
appliedenergistics2:facade:0, Кабельный фасад - Серая шерсть
appliedenergistics2:facade:0, Кабельный фасад - Светло-серая шерсть
appliedenergistics2:facade:0, Кабельный фасад - Бирюзовая шерсть
appliedenergistics2:facade:0, Кабельный фасад - Фиолетовая шерсть
appliedenergistics2:facade:0, Кабельный фасад - Синяя шерсть
appliedenergistics2:facade:0, Кабельный фасад - Коричневая шерсть
appliedenergistics2:facade:0, Кабельный фасад - Зелёная шерсть
appliedenergistics2:facade:0, Кабельный фасад - Красная шерсть
appliedenergistics2:facade:0, Кабельный фасад - Чёрная шерсть
appliedenergistics2:facade:0, Кабельный фасад - Золотой блок
appliedenergistics2:facade:0, Кабельный фасад - Железный блок
appliedenergistics2:facade:0, Кабельный фасад - Каменная плита
appliedenergistics2:facade:0, Кабельный фасад - Каменная плита
appliedenergistics2:facade:0, Кабельный фасад - Каменная плита
appliedenergistics2:facade:0, Кабельный фасад - Каменная плита
appliedenergistics2:facade:0, Кабельный фасад - Каменная плита
appliedenergistics2:facade:0, Кабельный фасад - Каменная плита
appliedenergistics2:facade:0, Кабельный фасад - Каменная плита
appliedenergistics2:facade:0, Кабельный фасад - Кирпичи
appliedenergistics2:facade:0, Кабельный фасад - Динамит
appliedenergistics2:facade:0, Кабельный фасад - Книжная полка
appliedenergistics2:facade:0, Кабельный фасад - Замшелый булыжник
appliedenergistics2:facade:0, Кабельный фасад - Обсидиан
appliedenergistics2:facade:0, Кабельный фасад - Алмазная руда
appliedenergistics2:facade:0, Кабельный фасад - Алмазный блок
appliedenergistics2:facade:0, Кабельный фасад - Верстак
appliedenergistics2:facade:0, Кабельный фасад - Редстоуновая руда
appliedenergistics2:facade:0, Кабельный фасад - Лёд
appliedenergistics2:facade:0, Кабельный фасад - Снег
appliedenergistics2:facade:0, Кабельный фасад - Глина
appliedenergistics2:facade:0, Кабельный фасад - Тыква
appliedenergistics2:facade:0, Кабельный фасад - Незерит
appliedenergistics2:facade:0, Кабельный фасад - Песок душ
appliedenergistics2:facade:0, Кабельный фасад - Светокамень
appliedenergistics2:facade:0, Кабельный фасад - Светильник Джека
appliedenergistics2:facade:0, Кабельный фасад - Белое стекло
appliedenergistics2:facade:0, Кабельный фасад - Оранжевое стекло
appliedenergistics2:facade:0, Кабельный фасад - Пурпурное стекло
appliedenergistics2:facade:0, Кабельный фасад - Голубое стекло
appliedenergistics2:facade:0, Кабельный фасад - Жёлтое стекло
appliedenergistics2:facade:0, Кабельный фасад - Лаймовое стекло
appliedenergistics2:facade:0, Кабельный фасад - Розовое стекло
appliedenergistics2:facade:0, Кабельный фасад - Серое стекло
appliedenergistics2:facade:0, Кабельный фасад - Светло-серое стекло
appliedenergistics2:facade:0, Кабельный фасад - Бирюзовое стекло
appliedenergistics2:facade:0, Кабельный фасад - Фиолетовое стекло
appliedenergistics2:facade:0, Кабельный фасад - Синее стекло
appliedenergistics2:facade:0, Кабельный фасад - Коричневое стекло
appliedenergistics2:facade:0, Кабельный фасад - Зелёное стекло
appliedenergistics2:facade:0, Кабельный фасад - Красное стекло
appliedenergistics2:facade:0, Кабельный фасад - Чёрное стекло
appliedenergistics2:facade:0, Кабельный фасад - Камень с монстрами
appliedenergistics2:facade:0, Кабельный фасад - Булыжник с монстрами
appliedenergistics2:facade:0, Кабельный фасад - Каменный кирпич с монстрами
appliedenergistics2:facade:0, Кабельный фасад - Замшелый каменный кирпич с монстрами
appliedenergistics2:facade:0, Кабельный фасад - Потрескавшийся каменный кирпич с монстрами
appliedenergistics2:facade:0, Кабельный фасад - Резной каменный кирпич с монстрами
appliedenergistics2:facade:0, Кабельный фасад - Каменные кирпичи
appliedenergistics2:facade:0, Кабельный фасад - Замшелые каменные кирпичи
appliedenergistics2:facade:0, Кабельный фасад - Потрескавшиеся каменные кирпичи
appliedenergistics2:facade:0, Кабельный фасад - Резные каменные кирпичи
appliedenergistics2:facade:0, Кабельный фасад - Гриб
appliedenergistics2:facade:0, Кабельный фасад - Гриб
appliedenergistics2:facade:0, Кабельный фасад - Арбуз
appliedenergistics2:facade:0, Кабельный фасад - Мицелий
appliedenergistics2:facade:0, Кабельный фасад - Незеритовые кирпичи
appliedenergistics2:facade:0, Кабельный фасад - Эндерняк
appliedenergistics2:facade:0, Кабельный фасад - Редстоуновый фонарь
appliedenergistics2:facade:0, Кабельный фасад - Изумрудная руда
appliedenergistics2:facade:0, Кабельный фасад - Изумрудный блок
appliedenergistics2:facade:0, Кабельный фасад - Редстоуновый блок
appliedenergistics2:facade:0, Кабельный фасад - Незер-кварцевая руда
appliedenergistics2:facade:0, Кабельный фасад - Кварцевый блок
appliedenergistics2:facade:0, Кабельный фасад - Резной кварцевый блок
appliedenergistics2:facade:0, Кабельный фасад - Кварцевая колонна
appliedenergistics2:facade:0, Кабельный фасад - Белая керамика
appliedenergistics2:facade:0, Кабельный фасад - Оранжевая керамика
appliedenergistics2:facade:0, Кабельный фасад - Пурпурная керамика
appliedenergistics2:facade:0, Кабельный фасад - Голубая керамика
appliedenergistics2:facade:0, Кабельный фасад - Жёлтая керамика
appliedenergistics2:facade:0, Кабельный фасад - Лаймовая керамика
appliedenergistics2:facade:0, Кабельный фасад - Розовая керамика
appliedenergistics2:facade:0, Кабельный фасад - Серая керамика
appliedenergistics2:facade:0, Кабельный фасад - Светло-серая керамика
appliedenergistics2:facade:0, Кабельный фасад - Бирюзовая керамика
appliedenergistics2:facade:0, Кабельный фасад - Фиолетовая керамика
appliedenergistics2:facade:0, Кабельный фасад - Синяя керамика
appliedenergistics2:facade:0, Кабельный фасад - Коричневая керамика
appliedenergistics2:facade:0, Кабельный фасад - Зелёная керамика
appliedenergistics2:facade:0, Кабельный фасад - Красная керамика
appliedenergistics2:facade:0, Кабельный фасад - Чёрная керамика
appliedenergistics2:facade:0, Кабельный фасад - Листья акации
appliedenergistics2:facade:0, Кабельный фасад - Листья тёмного дуба
appliedenergistics2:facade:0, Кабельный фасад - Акация
appliedenergistics2:facade:0, Кабельный фасад - Тёмный дуб
appliedenergistics2:facade:0, Кабельный фасад - Блок слизи
appliedenergistics2:facade:0, Кабельный фасад - Призмарин
appliedenergistics2:facade:0, Кабельный фасад - Призмариновые кирпичи
appliedenergistics2:facade:0, Кабельный фасад - Тёмный призмарин
appliedenergistics2:facade:0, Кабельный фасад - Морской фонарь
appliedenergistics2:facade:0, Кабельный фасад - Сноп сена
appliedenergistics2:facade:0, Кабельный фасад - Терракота
appliedenergistics2:facade:0, Кабельный фасад - Угольный блок
appliedenergistics2:facade:0, Кабельный фасад - Плотный лёд
appliedenergistics2:facade:0, Кабельный фасад - Красный песчаник
appliedenergistics2:facade:0, Кабельный фасад - Резной красный песчаник
appliedenergistics2:facade:0, Кабельный фасад - Гладкий красный песчаник
appliedenergistics2:facade:0, Кабельный фасад - Пурпур
appliedenergistics2:facade:0, Кабельный фасад - Пурпуровый пилон
appliedenergistics2:facade:0, Кабельный фасад - Эндерняковые кирпичи
appliedenergistics2:facade:0, Кабельный фасад - Магма
appliedenergistics2:facade:0, Кабельный фасад - Блок нароста из Незера
appliedenergistics2:facade:0, Кабельный фасад - Красный незеритовый кирпич
appliedenergistics2:facade:0, Кабельный фасад - Костный блок
appliedenergistics2:facade:0, Кабельный фасад - Наблюдатель
appliedenergistics2:facade:0, Кабельный фасад - Белая глазурованная керамика
appliedenergistics2:facade:0, Кабельный фасад - Оранжевая глазурованная керамика
appliedenergistics2:facade:0, Кабельный фасад - Пурпурная глазурованная керамика
appliedenergistics2:facade:0, Кабельный фасад - Голубая глазурованная керамика
appliedenergistics2:facade:0, Кабельный фасад - Жёлтая глазурованная керамика
appliedenergistics2:facade:0, Кабельный фасад - Лаймовая глазурованная керамика
appliedenergistics2:facade:0, Кабельный фасад - Розовая глазурованная керамика
appliedenergistics2:facade:0, Кабельный фасад - Серая глазурованная керамика
appliedenergistics2:facade:0, Кабельный фасад - Светло-серая глазурованная керамика
appliedenergistics2:facade:0, Кабельный фасад - Бирюзовая глазурованная керамика
appliedenergistics2:facade:0, Кабельный фасад - Фиолетовая глазурованная керамика
appliedenergistics2:facade:0, Кабельный фасад - Синяя глазурованная керамика
appliedenergistics2:facade:0, Кабельный фасад - Коричневая глазурованная керамика
appliedenergistics2:facade:0, Кабельный фасад - Зелёная глазурованная керамика
appliedenergistics2:facade:0, Кабельный фасад - Красная глазурованная керамика
appliedenergistics2:facade:0, Кабельный фасад - Чёрная глазурованная керамика
appliedenergistics2:facade:0, Кабельный фасад - Белый бетон
appliedenergistics2:facade:0, Кабельный фасад - Оранжевый бетон
appliedenergistics2:facade:0, Кабельный фасад - Пурпурный бетон
appliedenergistics2:facade:0, Кабельный фасад - Голубой бетон
appliedenergistics2:facade:0, Кабельный фасад - Жёлтый бетон
appliedenergistics2:facade:0, Кабельный фасад - Лаймовый бетон
appliedenergistics2:facade:0, Кабельный фасад - Розовый бетон
appliedenergistics2:facade:0, Кабельный фасад - Серый бетон
appliedenergistics2:facade:0, Кабельный фасад - Светло-серый бетон
appliedenergistics2:facade:0, Кабельный фасад - Бирюзовый бетон
appliedenergistics2:facade:0, Кабельный фасад - Фиолетовый бетон
appliedenergistics2:facade:0, Кабельный фасад - Синий бетон
appliedenergistics2:facade:0, Кабельный фасад - Коричневый бетон
appliedenergistics2:facade:0, Кабельный фасад - Зелёный бетон
appliedenergistics2:facade:0, Кабельный фасад - Красный бетон
appliedenergistics2:facade:0, Кабельный фасад - Чёрный бетон
appliedenergistics2:facade:0, Кабельный фасад - Белый цемент
appliedenergistics2:facade:0, Кабельный фасад - Оранжевый цемент
appliedenergistics2:facade:0, Кабельный фасад - Пурпурный цемент
appliedenergistics2:facade:0, Кабельный фасад - Голубой цемент
appliedenergistics2:facade:0, Кабельный фасад - Жёлтый цемент
appliedenergistics2:facade:0, Кабельный фасад - Лаймовый цемент
appliedenergistics2:facade:0, Кабельный фасад - Розовый цемент
appliedenergistics2:facade:0, Кабельный фасад - Серый цемент
appliedenergistics2:facade:0, Кабельный фасад - Светло-серый цемент
appliedenergistics2:facade:0, Кабельный фасад - Бирюзовый цемент
appliedenergistics2:facade:0, Кабельный фасад - Фиолетовый цемент
appliedenergistics2:facade:0, Кабельный фасад - Синий цемент
appliedenergistics2:facade:0, Кабельный фасад - Коричневый цемент
appliedenergistics2:facade:0, Кабельный фасад - Зелёный цемент
appliedenergistics2:facade:0, Кабельный фасад - Красный цемент
appliedenergistics2:facade:0, Кабельный фасад - Чёрный цемент
appliedenergistics2:facade:0, Кабельный фасад - Базальт
appliedenergistics2:facade:0, Кабельный фасад - Медная руда
appliedenergistics2:facade:0, Кабельный фасад - Свинцовая руда
appliedenergistics2:facade:0, Кабельный фасад - Оловянная руда
appliedenergistics2:facade:0, Кабельный фасад - Урановая руда
appliedenergistics2:facade:0, Кабельный фасад - Бронзовый блок
appliedenergistics2:facade:0, Кабельный фасад - Медный блок
appliedenergistics2:facade:0, Кабельный фасад - Свинцовый блок
appliedenergistics2:facade:0, Кабельный фасад - Стальной блок
appliedenergistics2:facade:0, Кабельный фасад - Оловянный блок
appliedenergistics2:facade:0, Кабельный фасад - Урановый блок
appliedenergistics2:facade:0, Кабельный фасад - Укреплённый камень
appliedenergistics2:facade:0, Кабельный фасад - Базовый корпус машины
appliedenergistics2:facade:0, Кабельный фасад - Улучшенный корпус машины
appliedenergistics2:facade:0, Кабельный фасад - Реакторный корпус
appliedenergistics2:facade:0, Кабельный фасад - Серебряный блок
appliedenergistics2:facade:0, Кабельный фасад - Листва гевеи
appliedenergistics2:facade:0, Кабельный фасад - Древесина гевеи
appliedenergistics2:facade:0, Кабельный фасад - Леса
appliedenergistics2:facade:0, Кабельный фасад - Укреплённые леса
appliedenergistics2:facade:0, Кабельный фасад - Железные леса
appliedenergistics2:facade:0, Кабельный фасад - Укреплённые железные леса
appliedenergistics2:facade:0, Кабельный фасад - Строительная пена
appliedenergistics2:facade:0, Кабельный фасад - Укреплённая строительная пена
appliedenergistics2:facade:0, Кабельный фасад - Чёрный пенобетон
appliedenergistics2:facade:0, Кабельный фасад - Синий пенобетон
appliedenergistics2:facade:0, Кабельный фасад - Коричневый пенобетон
appliedenergistics2:facade:0, Кабельный фасад - Бирюзовый пенобетон
appliedenergistics2:facade:0, Кабельный фасад - Серый пенобетон
appliedenergistics2:facade:0, Кабельный фасад - Зелёный пенобетон
appliedenergistics2:facade:0, Кабельный фасад - Голубой пенобетон
appliedenergistics2:facade:0, Кабельный фасад - Светло-серый пенобетон
appliedenergistics2:facade:0, Кабельный фасад - Лаймовый пенобетон
appliedenergistics2:facade:0, Кабельный фасад - Сиреневый пенобетон
appliedenergistics2:facade:0, Кабельный фасад - Оранжевый пенобетон
appliedenergistics2:facade:0, Кабельный фасад - Розовый пенобетон
appliedenergistics2:facade:0, Кабельный фасад - Фиолетовый пенобетон
appliedenergistics2:facade:0, Кабельный фасад - Красный пенобетон
appliedenergistics2:facade:0, Кабельный фасад - Белый пенобетон
appliedenergistics2:facade:0, Кабельный фасад - Жёлтый пенобетон
appliedenergistics2:facade:0, Кабельный фасад - Огнеупорные кирпичи
appliedenergistics2:facade:0, Кабельный фасад - Блок глаза
appliedenergistics2:facade:0, Кабельный фасад - Мох нижнего мира
appliedenergistics2:facade:0, Кабельный фасад - Кора сталагната
appliedenergistics2:facade:0, Кабельный фасад - Сталагнатовые доски
appliedenergistics2:facade:0, Кабельный фасад - Тростниковый блок
appliedenergistics2:facade:0, Кабельный фасад - Мицелий нижнего мира
appliedenergistics2:facade:0, Кабельный фасад - Цинцинназитовая руда
appliedenergistics2:facade:0, Кабельный фасад - Цинцинназитовый блок
appliedenergistics2:facade:0, Кабельный фасад - Сплавленный цинцинназитовый блок
appliedenergistics2:facade:0, Кабельный фасад - Цинцинназитовая колонна
appliedenergistics2:facade:0, Кабельный фасад - Цинцинназитовые кирпичи
appliedenergistics2:facade:0, Кабельный фасад - Цинцинназитовая кирпичная плита
appliedenergistics2:facade:0, Кабельный фасад - Цинцинназитовый фонарь
appliedenergistics2:facade:0, Кабельный фасад - Большая цинцинназитовая плитка
appliedenergistics2:facade:0, Кабельный фасад - Маленькая цинцинназитовая плитка
appliedenergistics2:facade:0, Кабельный фасад - Резной цинцинназит
appliedenergistics2:facade:0, Кабельный фасад - Большая плитка из кирпича нижнего мира
appliedenergistics2:facade:0, Кабельный фасад - Маленькая плитка из кирпича нижнего мира
appliedenergistics2:facade:0, Кабельный фасад - Костный блок
appliedenergistics2:facade:0, Кабельный фасад - Колонна из цинцинназитового кирпича
appliedenergistics2:facade:0, Кабельный фасад - Костяная плитка
appliedenergistics2:facade:0, Кабельный фасад - Спектральный Мох
appliedenergistics2:facade:0, Кабельный фасад - Глинистая Земля
appliedenergistics2:facade:0, Кабельный фасад - Белый Песок
appliedenergistics2:facade:0, Кабельный фасад - Белый Песчаник
appliedenergistics2:facade:0, Кабельный фасад - Сухой Песок
appliedenergistics2:facade:0, Кабельный фасад - Затвердевший Лёд
appliedenergistics2:facade:0, Кабельный фасад - Пепельный Блок
appliedenergistics2:facade:0, Кабельный фасад - Грязь
appliedenergistics2:facade:0, Кабельный фасад - Плоть
appliedenergistics2:facade:0, Кабельный фасад - Небесный Кристалл
appliedenergistics2:facade:0, Кабельный фасад - Руда Эссенции Биома
appliedenergistics2:facade:0, Кабельный фасад - Аметистовая Руда из Края
appliedenergistics2:facade:0, Кабельный фасад - Блок Аметиста
appliedenergistics2:facade:0, Кабельный фасад - Блок Улья
appliedenergistics2:facade:0, Кабельный фасад - Медовый Блок
appliedenergistics2:facade:0, Кабельный фасад - Бамбуковая Солома
appliedenergistics2:facade:0, Кабельный фасад - Кирпичи из Грязи
appliedenergistics2:facade:0, Кабельный фасад - Доски из Священного Дуба
appliedenergistics2:facade:0, Кабельный фасад - Медная руда
appliedenergistics2:facade:0, Кабельный фасад - Оловянная руда
appliedenergistics2:facade:0, Кабельный фасад - Серебряная руда
appliedenergistics2:facade:0, Кабельный фасад - Свинцовая руда
appliedenergistics2:facade:0, Кабельный фасад - Алюминиевая руда
appliedenergistics2:facade:0, Кабельный фасад - Никелевая руда
appliedenergistics2:facade:0, Кабельный фасад - Платиновая руда
appliedenergistics2:facade:0, Кабельный фасад - Иридиевая руда
appliedenergistics2:facade:0, Кабельный фасад - Мифриловая руда
appliedenergistics2:facade:0, Кабельный фасад - Нефтяной песок
appliedenergistics2:facade:0, Кабельный фасад - Нефтяной сланец
appliedenergistics2:facade:0, Кабельный фасад - Руда дестабилизированного красного камня
appliedenergistics2:facade:0, Кабельный фасад - Заряженный адский камень нижнего мира
appliedenergistics2:facade:0, Кабельный фасад - Резонирующий эндерняк
appliedenergistics2:facade:0, Кабельный фасад - Нефтяной песок
appliedenergistics2:facade:0, Кабельный фасад - Медный блок
appliedenergistics2:facade:0, Кабельный фасад - Оловянный блок
appliedenergistics2:facade:0, Кабельный фасад - Серебряный блок
appliedenergistics2:facade:0, Кабельный фасад - Свинцовый блок
appliedenergistics2:facade:0, Кабельный фасад - Алюминиевый блок
appliedenergistics2:facade:0, Кабельный фасад - Никелевый блок
appliedenergistics2:facade:0, Кабельный фасад - Платиновый блок
appliedenergistics2:facade:0, Кабельный фасад - Иридиевый блок
appliedenergistics2:facade:0, Кабельный фасад - Мифриловый блок
appliedenergistics2:facade:0, Кабельный фасад - Стальные блок
appliedenergistics2:facade:0, Кабельный фасад - Электрумовый блок
appliedenergistics2:facade:0, Кабельный фасад - Инваровый блок
appliedenergistics2:facade:0, Кабельный фасад - Бронзовый блок
appliedenergistics2:facade:0, Кабельный фасад - Константановый блок
appliedenergistics2:facade:0, Кабельный фасад - Синаловый блок
appliedenergistics2:facade:0, Кабельный фасад - Ламиумовый блок
appliedenergistics2:facade:0, Кабельный фасад - Блок эндериума
appliedenergistics2:facade:0, Кабельный фасад - Угольный блок
appliedenergistics2:facade:0, Кабельный фасад - Блок коксового угля
appliedenergistics2:facade:0, Кабельный фасад - Чёрная минеральная шерсть
appliedenergistics2:facade:0, Кабельный фасад - Красная минеральная шерсть
appliedenergistics2:facade:0, Кабельный фасад - Зелёная минеральная шерсть
appliedenergistics2:facade:0, Кабельный фасад - Коричневая минеральная шерсть
appliedenergistics2:facade:0, Кабельный фасад - Синяя минеральная шерсть
appliedenergistics2:facade:0, Кабельный фасад - Пурпурная минеральная шерсть
appliedenergistics2:facade:0, Кабельный фасад - Голубая минеральная шерсть
appliedenergistics2:facade:0, Кабельный фасад - Светло-серая минеральная шерсть
appliedenergistics2:facade:0, Кабельный фасад - Серая минеральная шерсть
appliedenergistics2:facade:0, Кабельный фасад - Розовая минеральная шерсть
appliedenergistics2:facade:0, Кабельный фасад - Лаймовая минеральная шерсть
appliedenergistics2:facade:0, Кабельный фасад - Жёлтая минеральная шерсть
appliedenergistics2:facade:0, Кабельный фасад - Светло-синяя минеральная шерсть
appliedenergistics2:facade:0, Кабельный фасад - Фиолетовая минеральная шерсть
appliedenergistics2:facade:0, Кабельный фасад - Оранжевая минеральная шерсть
appliedenergistics2:facade:0, Кабельный фасад - Белая минеральная шерсть
appliedenergistics2:facade:0, Кабельный фасад - Руда истинного кварца
appliedenergistics2:facade:0, Кабельный фасад - Заряженная руда истинного кварца
appliedenergistics2:facade:0, Кабельный фасад - Блок истинного кварца
appliedenergistics2:facade:0, Кабельный фасад - Колонна истинного кварца
appliedenergistics2:facade:0, Кабельный фасад - Резной блок истинного кварца
appliedenergistics2:facade:0, Кабельный фасад - Кварцевое стекло
appliedenergistics2:facade:0, Кабельный фасад - Энергичное кварцевое стекло
appliedenergistics2:facade:0, Кабельный фасад - Изменчивый блок
appliedenergistics2:facade:0, Кабельный фасад - Небесный камень
appliedenergistics2:facade:0, Кабельный фасад - Блок небесного камня
appliedenergistics2:facade:0, Кабельный фасад - Кирпич небесного камня
appliedenergistics2:facade:0, Кабельный фасад - Малый кирпич небесного камня
appliedenergistics2:facade:0, Кабельный фасад - Отделка из Дуба
appliedenergistics2:facade:0, Кабельный фасад - Отделка из Ели
appliedenergistics2:facade:0, Кабельный фасад - Отделка из Берёзы
appliedenergistics2:facade:0, Кабельный фасад - Отделка из Тропического Дерева
appliedenergistics2:facade:0, Кабельный фасад - Отделка из Акации
appliedenergistics2:facade:0, Кабельный фасад - Отделка из Тёмного Дуба
appliedenergistics2:facade:0, Кабельный фасад - Цемент
appliedenergistics2:facade:0, Кабельный фасад - Конгломерат зелёной слизи
appliedenergistics2:facade:0, Кабельный фасад - Конгломерат синей слизи
appliedenergistics2:facade:0, Кабельный фасад - Кладбищенская земля
appliedenergistics2:facade:0, Кабельный фасад - Освящённая земля
appliedenergistics2:facade:0, Кабельный фасад - Конгломерат огненной слизи
appliedenergistics2:facade:0, Кабельный фасад - Блок синей слизи
appliedenergistics2:facade:0, Кабельный фасад - Блок фиолетовой слизи
appliedenergistics2:facade:0, Кабельный фасад - Блок крови
appliedenergistics2:facade:0, Кабельный фасад - Блок огненной слизи
appliedenergistics2:facade:0, Кабельный фасад - Блок застывшей зелёной слизи
appliedenergistics2:facade:0, Кабельный фасад - Блок застывшей синей слизи
appliedenergistics2:facade:0, Кабельный фасад - Блок застывшей фиолетовой слизи
appliedenergistics2:facade:0, Кабельный фасад - Блок застывшей крови
appliedenergistics2:facade:0, Кабельный фасад - Блок застывшей огненной слизи
appliedenergistics2:facade:0, Кабельный фасад - Кобальтовая руда
appliedenergistics2:facade:0, Кабельный фасад - Ардитовая руда
appliedenergistics2:facade:0, Кабельный фасад - Лаводерево
appliedenergistics2:facade:0, Кабельный фасад - Огнедерево
appliedenergistics2:facade:0, Кабельный фасад - Грязевой кирпич
appliedenergistics2:facade:0, Кабельный фасад - Блок кобальта
appliedenergistics2:facade:0, Кабельный фасад - Блок ардита
appliedenergistics2:facade:0, Кабельный фасад - Блок маньюлина
appliedenergistics2:facade:0, Кабельный фасад - Блок слизестали
appliedenergistics2:facade:0, Кабельный фасад - Блок свинстали
appliedenergistics2:facade:0, Кабельный фасад - Шёлковый блок
appliedenergistics2:facade:0, Кабельный фасад - Грязь из зелёной слизи
appliedenergistics2:facade:0, Кабельный фасад - Грязь из синей слизи
appliedenergistics2:facade:0, Кабельный фасад - Грязь из фиолетовой слизи
appliedenergistics2:facade:0, Кабельный фасад - Грязь из огненной слизи
appliedenergistics2:facade:0, Кабельный фасад - Слизневая трава
appliedenergistics2:facade:0, Кабельный фасад - Трава из зелёной слизи
appliedenergistics2:facade:0, Кабельный фасад - Трава из синей слизи
appliedenergistics2:facade:0, Кабельный фасад - Трава из фиолетовой слизи
appliedenergistics2:facade:0, Кабельный фасад - Трава из огненной слизи
appliedenergistics2:facade:0, Кабельный фасад - Слизневая трава
appliedenergistics2:facade:0, Кабельный фасад - Трава из зелёной слизи
appliedenergistics2:facade:0, Кабельный фасад - Трава из синей слизи
appliedenergistics2:facade:0, Кабельный фасад - Трава из фиолетовой слизи
appliedenergistics2:facade:0, Кабельный фасад - Трава из огненной слизи
appliedenergistics2:facade:0, Кабельный фасад - Слизневая трава
appliedenergistics2:facade:0, Кабельный фасад - Трава из зелёной слизи
appliedenergistics2:facade:0, Кабельный фасад - Трава из синей слизи
appliedenergistics2:facade:0, Кабельный фасад - Трава из фиолетовой слизи
appliedenergistics2:facade:0, Кабельный фасад - Трава из огненной слизи
appliedenergistics2:facade:0, Кабельный фасад - Листья синей слизи
appliedenergistics2:facade:0, Кабельный фасад - Листья фиолетовой слизи
appliedenergistics2:facade:0, Кабельный фасад - Листья огненной слизи
appliedenergistics2:facade:0, Кабельный фасад - Сушёная глина
appliedenergistics2:facade:0, Кабельный фасад - Кирпичи из сушёной глины
appliedenergistics2:facade:0, Кабельный фасад - Гладкий браунстоун
appliedenergistics2:facade:0, Кабельный фасад - Грубый браунстоун
appliedenergistics2:facade:0, Кабельный фасад - Плитки из браунстоуна
appliedenergistics2:facade:0, Кабельный фасад - Кладка из браунстоуна
appliedenergistics2:facade:0, Кабельный фасад - Кладка из браунстоуна (трещины)
appliedenergistics2:facade:0, Кабельный фасад - Кладка из браунстоуна (орнамент)
appliedenergistics2:facade:0, Кабельный фасад - Кладка из браунстоуна (узор)
appliedenergistics2:facade:0, Кабельный фасад - Дорога из браунстоуна
appliedenergistics2:facade:0, Кабельный фасад - Кладка из браунстоуна (крипер)
appliedenergistics2:facade:0, Кабельный фасад - Кладка из браунстоуна (треугольник)
appliedenergistics2:facade:0, Кабельный фасад - Кладка из браунстоуна (малая)
appliedenergistics2:facade:0, Кабельный фасад - Мини-плитка из браунстоуна
appliedenergistics2:crystal_seed:0, Семя истинного кварца
appliedenergistics2:crystal_seed:600, Семя кварца Нижнего мира
appliedenergistics2:crystal_seed:1200, Изменчивое семя
appliedenergistics2:crystal_seed:0, Семя истинного кварца
appliedenergistics2:crystal_seed:600, Семя кварца Нижнего мира
appliedenergistics2:crystal_seed:1200, Изменчивое семя
appliedenergistics2:crystal_seed:0, Семя истинного кварца
appliedenergistics2:crystal_seed:600, Семя кварца Нижнего мира
appliedenergistics2:crystal_seed:1200, Изменчивое семя
appliedenergistics2:encoded_pattern, Кодированный шаблон
appliedenergistics2:paint_ball:0, Шар с краской - Белый
appliedenergistics2:paint_ball:1, Шар с краской - Оранжевый
appliedenergistics2:paint_ball:2, Шар с краской - Сиреневый
appliedenergistics2:paint_ball:3, Шар с краской - Светло-синий
appliedenergistics2:paint_ball:4, Шар с краской - Жёлтый
appliedenergistics2:paint_ball:5, Шар с краской - Лаймовый
appliedenergistics2:paint_ball:6, Шар с краской - Розовый
appliedenergistics2:paint_ball:7, Шар с краской - Серый
appliedenergistics2:paint_ball:8, Шар с краской - Светло-серый
appliedenergistics2:paint_ball:9, Шар с краской - Бирюзовый
appliedenergistics2:paint_ball:10, Шар с краской - Фиолетовый
appliedenergistics2:paint_ball:11, Шар с краской - Синий
appliedenergistics2:paint_ball:12, Шар с краской - Коричневый
appliedenergistics2:paint_ball:13, Шар с краской - Зелёный
appliedenergistics2:paint_ball:14, Шар с краской - Красный
appliedenergistics2:paint_ball:15, Шар с краской - Чёрный
appliedenergistics2:paint_ball:20, Шар с краской - Люмен Белый
appliedenergistics2:paint_ball:21, Шар с краской - Люмен Оранжевый
appliedenergistics2:paint_ball:22, Шар с краской - Люмен Сиреневый
appliedenergistics2:paint_ball:23, Шар с краской - Люмен Светло-синий
appliedenergistics2:paint_ball:24, Шар с краской - Люмен Жёлтый
appliedenergistics2:paint_ball:25, Шар с краской - Люмен Лаймовый
appliedenergistics2:paint_ball:26, Шар с краской - Люмен Розовый
appliedenergistics2:paint_ball:27, Шар с краской - Люмен Серый
appliedenergistics2:paint_ball:28, Шар с краской - Люмен Светло-серый
appliedenergistics2:paint_ball:29, Шар с краской - Люмен Бирюзовый
appliedenergistics2:paint_ball:30, Шар с краской - Люмен Фиолетовый
appliedenergistics2:paint_ball:31, Шар с краской - Люмен Синий
appliedenergistics2:paint_ball:32, Шар с краской - Люмен Коричневый
appliedenergistics2:paint_ball:33, Шар с краской - Люмен Зелёный
appliedenergistics2:paint_ball:34, Шар с краской - Люмен Красный
appliedenergistics2:paint_ball:35, Шар с краской - Люмен Чёрный
appliedenergistics2:dummy_fluid_item, item.appliedenergistics2.dummy_fluid_item.name
appliedenergistics2:material:28, Продвинутая карта
appliedenergistics2:material:44, Ядро истребления
appliedenergistics2:material:25, Базовая карта
appliedenergistics2:material:52, Пустой шаблон
appliedenergistics2:material:23, Вычислительный процессор
appliedenergistics2:material:13, Вычислительный пресс для высекателя
appliedenergistics2:material:16, Отпечатанный вычислительный контур
appliedenergistics2:material:27, Карта ёмкости
appliedenergistics2:material:53, Карта крафта
appliedenergistics2:material:29, Карта нечёткости
appliedenergistics2:material:31, Карта инвертирования
appliedenergistics2:material:26, Карта красного камня
appliedenergistics2:material:30, Карта ускорения
appliedenergistics2:material:34, 128³ пространственный компонент
appliedenergistics2:material:37, 16К МЭ компонент хранения
appliedenergistics2:material:33, 16³ пространственный компонент
appliedenergistics2:material:35, 1К МЭ компонент хранения
appliedenergistics2:material:32, 2³ пространственный компонент
appliedenergistics2:material:36, 4К МЭ компонент хранения
appliedenergistics2:material:38, 64К МЭ компонент хранения
appliedenergistics2:material:0, Кристалл истинного кварца
appliedenergistics2:material:1, Заряженный кристалл истинного кварца
appliedenergistics2:material:2, Пыль истинного кварца
appliedenergistics2:material:39, МЭ корпус ячейки хранения
appliedenergistics2:material:46, Пыль Края
appliedenergistics2:material:24, Инженерный процессор
appliedenergistics2:material:14, Инженерный пресс для высекателя
appliedenergistics2:material:17, Отпечатанный инженерный контур
appliedenergistics2:material:4, Мука
appliedenergistics2:material:56, 16k ME Fluid Storage Component
appliedenergistics2:material:54, 1k ME Fluid Storage Component
appliedenergistics2:material:55, 4k ME Fluid Storage Component
appliedenergistics2:material:57, 64k ME Fluid Storage Component
appliedenergistics2:material:7, Изменчивый кристалл
appliedenergistics2:material:8, Изменчивая пыль
appliedenergistics2:material:9, Изменчивая жемчужина
appliedenergistics2:material:43, Ядро формирования
appliedenergistics2:material:51, Золотая пыль
appliedenergistics2:material:49, Железная пыль
appliedenergistics2:material:22, Логический процессор
appliedenergistics2:material:15, Логический пресс для высекателя
appliedenergistics2:material:18, Отпечатанный логический контур
appliedenergistics2:material:6, Шарик материи
appliedenergistics2:material:21, Именующий пресс для высекателя
appliedenergistics2:material:3, Пыль кварца Нижнего мира
appliedenergistics2:material:10, Чистый кристалл истинного кварца
appliedenergistics2:material:12, Чистый изменчивый кристалл
appliedenergistics2:material:11, Чистый кристалл кварца Нижнего мира
appliedenergistics2:material:48, Квантовая запутанная сингулярность
appliedenergistics2:material:5, Кремний
appliedenergistics2:material:19, Кремниевый пресс для высекателя
appliedenergistics2:material:20, Отпечатанный кремний
appliedenergistics2:material:47, Сингулярность
appliedenergistics2:material:45, Пыль небесного камня
appliedenergistics2:material:41, Беспроводной приёмник
appliedenergistics2:material:42, Беспроводной усилитель
appliedenergistics2:material:40, Деревянная шестерня
appliedenergistics2:part:300, МЭ плоскость истребления
appliedenergistics2:part:120, Кабельный якорь
appliedenergistics2:part:20, МЭ закрытый кабель - Белый
appliedenergistics2:part:21, МЭ закрытый кабель - Оранжевый
appliedenergistics2:part:22, МЭ закрытый кабель - Сиреневый
appliedenergistics2:part:23, МЭ закрытый кабель - Светло-синий
appliedenergistics2:part:24, МЭ закрытый кабель - Жёлтый
appliedenergistics2:part:25, МЭ закрытый кабель - Лаймовый
appliedenergistics2:part:26, МЭ закрытый кабель - Розовый
appliedenergistics2:part:27, МЭ закрытый кабель - Серый
appliedenergistics2:part:28, МЭ закрытый кабель - Светло-серый
appliedenergistics2:part:29, МЭ закрытый кабель - Бирюзовый
appliedenergistics2:part:30, МЭ закрытый кабель - Фиолетовый
appliedenergistics2:part:31, МЭ закрытый кабель - Синий
appliedenergistics2:part:32, МЭ закрытый кабель - Коричневый
appliedenergistics2:part:33, МЭ закрытый кабель - Зелёный
appliedenergistics2:part:34, МЭ закрытый кабель - Красный
appliedenergistics2:part:35, МЭ закрытый кабель - Чёрный
appliedenergistics2:part:36, МЭ закрытый кабель - Изменчивый
appliedenergistics2:part:500, МЭ плотный закрытый кабель - Белый
appliedenergistics2:part:501, МЭ плотный закрытый кабель - Оранжевый
appliedenergistics2:part:502, МЭ плотный закрытый кабель - Сиреневый
appliedenergistics2:part:503, МЭ плотный закрытый кабель - Светло-синий
appliedenergistics2:part:504, МЭ плотный закрытый кабель - Жёлтый
appliedenergistics2:part:505, МЭ плотный закрытый кабель - Лаймовый
appliedenergistics2:part:506, МЭ плотный закрытый кабель - Розовый
appliedenergistics2:part:507, МЭ плотный закрытый кабель - Серый
appliedenergistics2:part:508, МЭ плотный закрытый кабель - Светло-серый
appliedenergistics2:part:509, МЭ плотный закрытый кабель - Бирюзовый
appliedenergistics2:part:510, МЭ плотный закрытый кабель - Фиолетовый
appliedenergistics2:part:511, МЭ плотный закрытый кабель - Синий
appliedenergistics2:part:512, МЭ плотный закрытый кабель - Коричневый
appliedenergistics2:part:513, МЭ плотный закрытый кабель - Зелёный
appliedenergistics2:part:514, МЭ плотный закрытый кабель - Красный
appliedenergistics2:part:515, МЭ плотный закрытый кабель - Чёрный
appliedenergistics2:part:516, МЭ плотный закрытый кабель - Изменчивый
appliedenergistics2:part:60, МЭ плотный умный кабель - Белый
appliedenergistics2:part:61, МЭ плотный умный кабель - Оранжевый
appliedenergistics2:part:62, МЭ плотный умный кабель - Сиреневый
appliedenergistics2:part:63, МЭ плотный умный кабель - Светло-синий
appliedenergistics2:part:64, МЭ плотный умный кабель - Жёлтый
appliedenergistics2:part:65, МЭ плотный умный кабель - Лаймовый
appliedenergistics2:part:66, МЭ плотный умный кабель - Розовый
appliedenergistics2:part:67, МЭ плотный умный кабель - Серый
appliedenergistics2:part:68, МЭ плотный умный кабель - Светло-серый
appliedenergistics2:part:69, МЭ плотный умный кабель - Бирюзовый
appliedenergistics2:part:70, МЭ плотный умный кабель - Фиолетовый
appliedenergistics2:part:71, МЭ плотный умный кабель - Синий
appliedenergistics2:part:72, МЭ плотный умный кабель - Коричневый
appliedenergistics2:part:73, МЭ плотный умный кабель - Зелёный
appliedenergistics2:part:74, МЭ плотный умный кабель - Красный
appliedenergistics2:part:75, МЭ плотный умный кабель - Чёрный
appliedenergistics2:part:76, МЭ плотный умный кабель - Изменчивый
appliedenergistics2:part:0, МЭ стеклянный кабель - Белый
appliedenergistics2:part:1, МЭ стеклянный кабель - Оранжевый
appliedenergistics2:part:2, МЭ стеклянный кабель - Сиреневый
appliedenergistics2:part:3, МЭ стеклянный кабель - Светло-синий
appliedenergistics2:part:4, МЭ стеклянный кабель - Жёлтый
appliedenergistics2:part:5, МЭ стеклянный кабель - Лаймовый
appliedenergistics2:part:6, МЭ стеклянный кабель - Розовый
appliedenergistics2:part:7, МЭ стеклянный кабель - Серый
appliedenergistics2:part:8, МЭ стеклянный кабель - Светло-серый
appliedenergistics2:part:9, МЭ стеклянный кабель - Бирюзовый
appliedenergistics2:part:10, МЭ стеклянный кабель - Фиолетовый
appliedenergistics2:part:11, МЭ стеклянный кабель - Синий
appliedenergistics2:part:12, МЭ стеклянный кабель - Коричневый
appliedenergistics2:part:13, МЭ стеклянный кабель - Зелёный
appliedenergistics2:part:14, МЭ стеклянный кабель - Красный
appliedenergistics2:part:15, МЭ стеклянный кабель - Чёрный
appliedenergistics2:part:16, МЭ стеклянный кабель - Изменчивый
appliedenergistics2:part:40, МЭ умный кабель - Белый
appliedenergistics2:part:41, МЭ умный кабель - Оранжевый
appliedenergistics2:part:42, МЭ умный кабель - Сиреневый
appliedenergistics2:part:43, МЭ умный кабель - Светло-синий
appliedenergistics2:part:44, МЭ умный кабель - Жёлтый
appliedenergistics2:part:45, МЭ умный кабель - Лаймовый
appliedenergistics2:part:46, МЭ умный кабель - Розовый
appliedenergistics2:part:47, МЭ умный кабель - Серый
appliedenergistics2:part:48, МЭ умный кабель - Светло-серый
appliedenergistics2:part:49, МЭ умный кабель - Бирюзовый
appliedenergistics2:part:50, МЭ умный кабель - Фиолетовый
appliedenergistics2:part:51, МЭ умный кабель - Синий
appliedenergistics2:part:52, МЭ умный кабель - Коричневый
appliedenergistics2:part:53, МЭ умный кабель - Зелёный
appliedenergistics2:part:54, МЭ умный кабель - Красный
appliedenergistics2:part:55, МЭ умный кабель - Чёрный
appliedenergistics2:part:56, МЭ умный кабель - Изменчивый
appliedenergistics2:part:420, МЭ монитор преобразования
appliedenergistics2:part:360, МЭ терминал крафта
appliedenergistics2:part:200, Тёмная осветительная панель
appliedenergistics2:part:260, МЭ шина экспорта
appliedenergistics2:part:302, ME Fluid Annihilation Plane
appliedenergistics2:part:261, ME Fluid Export Bus
appliedenergistics2:part:321, ME Fluid Formation Plane
appliedenergistics2:part:241, ME Fluid Import Bus
appliedenergistics2:part:441, ME Fluid Interface
appliedenergistics2:part:281, ME Fluid Level Emitter
appliedenergistics2:part:221, ME Fluid Storage Bus
appliedenergistics2:part:520, ME Fluid Terminal
appliedenergistics2:part:320, МЭ плоскость формирования
appliedenergistics2:part:301, МЭ id плоскость истребления
appliedenergistics2:part:240, МЭ шина импорта
appliedenergistics2:part:440, МЭ интерфейс
appliedenergistics2:part:480, МЭ терминал интерфейсов
appliedenergistics2:part:100, МЭ инвертированная шина переключения
appliedenergistics2:part:280, МЭ излучатель уровня
appliedenergistics2:part:160, Яркая осветительная панель
appliedenergistics2:part:469, Туннель точка-точка - FE
appliedenergistics2:part:463, Туннель точка-точка - Жидкость
appliedenergistics2:part:465, Туннель точка-точка - EU
appliedenergistics2:part:462, Туннель точка-точка - Предмет
appliedenergistics2:part:467, Туннель точка-точка - Свет
appliedenergistics2:part:460, Туннель точка-точка - МЭ
appliedenergistics2:part:461, Туннель точка-точка - Красный камень
appliedenergistics2:part:340, МЭ терминал шаблонов
appliedenergistics2:part:140, Кварцевое оптическое волокно
appliedenergistics2:part:180, Осветительная панель
appliedenergistics2:part:220, МЭ шина хранения
appliedenergistics2:part:400, МЭ монитор хранения
appliedenergistics2:part:380, МЭ терминал
appliedenergistics2:part:80, МЭ шина переключения
baubles:ring:0, Кольцо шахтёра
artifacts:shiny_red_balloon, Блестящий красный шарик
artifacts:obsidian_skull, Обсидиановый череп
artifacts:snorkel, Шноркель
artifacts:shock_pendant, Шоковый кулон
artifacts:flame_pendant, Огненный кулон
artifacts:thorn_pendant, Кулон-колючка
artifacts:ultimate_pendant, Кулон абсолютного гнева
artifacts:panic_necklace, Ожерелье паники
artifacts:lucky_horseshoe, Счастливая подкова 
artifacts:cobalt_shield, Кобальтовый щит
artifacts:whoopie_cushion, Подушка-пердушка
artifacts:bottled_cloud, Облако в бутылке
artifacts:bottled_fart, Пердёж в бутылке
artifacts:magma_stone, Магматический камень
artifacts:feral_claws, Дикие когти
artifacts:power_glove, Сильные перчатки
artifacts:mechanical_glove, Механические перчатки
artifacts:fire_gauntlet, Огненная руковица
artifacts:drinking_hat, Питьевая шляпа
artifacts:star_cloak, Звёздный плащ
artifacts:pocket_piston, Карманный поршень
artifacts:night_vision_goggles, Очки ночного видения
artifacts:tiny_shirt, Крошечная рубашка
artifacts:everlasting_porkchop, Бесконечная сырая свинина
artifacts:everlasting_cooked_porkchop, Бесконечная приготовленная свинина
artifacts:everlasting_beef, Бесконечная сырая говядина
artifacts:everlasting_cooked_beef, Бесконечный стейк
artifacts:everlasting_chicken, Бесконечная сырая курятина
artifacts:everlasting_cooked_chicken, Бесконечная приготовленная курятина
artifacts:everlasting_rotten_flesh, Бесконечная гнилая плоть
artifacts:everlasting_spider_eye, Бесконечный паучий глаз
artifacts:everlasting_rabbit, Бесконечная сырая крольчатина
artifacts:everlasting_cooked_rabbit, Бесконечная приготовленная крольчатина
artifacts:everlasting_mutton, Бесконечная сырая баранина
artifacts:everlasting_cooked_mutton, Бесконечная приготовленная баранина
artifacts:everlasting_rabbit_stew, Бесконечное рагу из кролика
artifacts:everlasting_cod, Бесконечная сырая треска
artifacts:everlasting_cooked_cod, Бесконечная приготовленная треска
artifacts:everlasting_salmon, Бесконечный сырой лосось
artifacts:everlasting_cooked_salmon, Бесконечный приготовленный лосось
artifacts:everlasting_clownfish, Бесконечная рыба-клоун
itemfilters:filter, Item Filter
itemfilters:missing, Missing Item
ftbquests:screen, Экран
ftbquests:progress_detector, Датчик прогресса квеста
ftbquests:detector:0, Redstone Detector
ftbquests:detector:1, Player Detector
ftbquests:progress_screen, Экран прогресса
ftbquests:chest, Квестовый сундук
ftbquests:loot_crate_storage, Loot Crate Storage
ftbquests:loot_crate_opener, Loot Crate Opener
ftbquests:barrier, Quest Barrier
ftbquests:reward_collector, Reward Collector
ftbquests:book, Quest Book
ftbquests:lootcrate, Loot Crate
ftbquests:custom_icon, Custom Icon
ironchest:iron_chest:0, Железный сундук
ironchest:iron_chest:1, Золотой сундук
ironchest:iron_chest:2, Алмазный сундук
ironchest:iron_chest:3, Медный сундук
ironchest:iron_chest:4, Серебряный сундук
ironchest:iron_chest:5, Кристальный сундук
ironchest:iron_chest:6, Обсидиановый сундук
ironchest:iron_chest:7, Земляной Сундук 9000!
ironchest:iron_shulker_box_white:0, Белый Железный Шалкеровый ящик
ironchest:iron_shulker_box_white:1, Белый Золотой Шалкеровый ящик
ironchest:iron_shulker_box_white:2, Белый Алмазный Шалкеровый ящик
ironchest:iron_shulker_box_white:3, Белый Медный Шалкеровый ящик
ironchest:iron_shulker_box_white:4, Белый Серебряный Шалкеровый ящик
ironchest:iron_shulker_box_white:5, Белый Кристальный Шалкеровый ящик
ironchest:iron_shulker_box_white:6, Белый Обсидиановый Шалкеровый ящик
ironchest:iron_shulker_box_orange:0, Оранжевый Железный Шалкеровый ящик
ironchest:iron_shulker_box_orange:1, Оранжевый Золотой Шалкеровый ящик
ironchest:iron_shulker_box_orange:2, Оранжевый Алмазный Шалкеровый ящик
ironchest:iron_shulker_box_orange:3, Оранжевый Медный Шалкеровый ящик
ironchest:iron_shulker_box_orange:4, Оранжевый Серебряный Шалкеровый ящик
ironchest:iron_shulker_box_orange:5, Оранжевый Кристальный Шалкеровый ящик
ironchest:iron_shulker_box_orange:6, Оранжевый Обсидиановый Шалкеровый ящик
ironchest:iron_shulker_box_magenta:0, Фиолетовый Железный Шалкеровый ящик
ironchest:iron_shulker_box_magenta:1, Фиолетовый Золотой Шалкеровый ящик
ironchest:iron_shulker_box_magenta:2, Фиолетовый Алмазный Шалкеровый ящик
ironchest:iron_shulker_box_magenta:3, Фиолетовый Медный Шалкеровый ящик
ironchest:iron_shulker_box_magenta:4, Фиолетовый Серебряный Шалкеровый ящик
ironchest:iron_shulker_box_magenta:5, Фиолетовый Кристальный Шалкеровый ящик
ironchest:iron_shulker_box_magenta:6, Фиолетовый Обсидиановый Шалкеровый ящик
ironchest:iron_shulker_box_light_blue:0, Светло-синий Железный Шалкеровый ящик
ironchest:iron_shulker_box_light_blue:1, Светло-синий Золотой Шалкеровый ящик
ironchest:iron_shulker_box_light_blue:2, Светло-синий Алмазный Шалкеровый ящик
ironchest:iron_shulker_box_light_blue:3, Светло-синий Медный Шалкеровый ящик
ironchest:iron_shulker_box_light_blue:4, Светло-синий Серебряный Шалкеровый ящик
ironchest:iron_shulker_box_light_blue:5, Светло-синий Кристальный Шалкеровый ящик
ironchest:iron_shulker_box_light_blue:6, Светло-синий Обсидиановый Шалкеровый ящик
ironchest:iron_shulker_box_yellow:0, Жёлтый Железный Шалкеровый ящик
ironchest:iron_shulker_box_yellow:1, Жёлтый Золотой Шалкеровый ящик
ironchest:iron_shulker_box_yellow:2, Жёлтый Алмазный Шалкеровый ящик
ironchest:iron_shulker_box_yellow:3, Жёлтый Медный Шалкеровый ящик
ironchest:iron_shulker_box_yellow:4, Жёлтый Серебряный Шалкеровый ящик
ironchest:iron_shulker_box_yellow:5, Жёлтый Кристальный Шалкеровый ящик
ironchest:iron_shulker_box_yellow:6, Жёлтый Обсидиановый Шалкеровый ящик
ironchest:iron_shulker_box_lime:0, Лаймовый Железный Шалкеровый ящик
ironchest:iron_shulker_box_lime:1, Лаймовый Золотой Шалкеровый ящик
ironchest:iron_shulker_box_lime:2, Лаймовый Алмазный Шалкеровый ящик
ironchest:iron_shulker_box_lime:3, Лаймовый Медный Шалкеровый ящик
ironchest:iron_shulker_box_lime:4, Лаймовый Серебряный Шалкеровый ящик
ironchest:iron_shulker_box_lime:5, Лаймовый Кристальный Шалкеровый ящик
ironchest:iron_shulker_box_lime:6, Лаймовый Обсидиановый Шалкеровый ящик
ironchest:iron_shulker_box_pink:0, Розовый Железный Шалкеровый ящик
ironchest:iron_shulker_box_pink:1, Розовый Золотой Шалкеровый ящик
ironchest:iron_shulker_box_pink:2, Розовый Алмазный Шалкеровый ящик
ironchest:iron_shulker_box_pink:3, Розовый Медный Шалкеровый ящик
ironchest:iron_shulker_box_pink:4, Розовый Серебряный Шалкеровый ящик
ironchest:iron_shulker_box_pink:5, Розовый Кристальный Шалкеровый ящик
ironchest:iron_shulker_box_pink:6, Розовый Обсидиановый Шалкеровый ящик
ironchest:iron_shulker_box_gray:0, Серый Железный Шалкеровый ящик
ironchest:iron_shulker_box_gray:1, Серый Золотой Шалкеровый ящик
ironchest:iron_shulker_box_gray:2, Серый Алмазный Шалкеровый ящик
ironchest:iron_shulker_box_gray:3, Серый Медный Шалкеровый ящик
ironchest:iron_shulker_box_gray:4, Серый Серебряный Шалкеровый ящик
ironchest:iron_shulker_box_gray:5, Серый Кристальный Шалкеровый ящик
ironchest:iron_shulker_box_gray:6, Серый Обсидиановый Шалкеровый ящик
ironchest:iron_shulker_box_silver:0, Светло-серый Железный Шалкеровый ящик
ironchest:iron_shulker_box_silver:1, Светло-серый Золотой Шалкеровый ящик
ironchest:iron_shulker_box_silver:2, Светло-серый Алмазный Шалкеровый ящик
ironchest:iron_shulker_box_silver:3, Светло-серый Медный Шалкеровый ящик
ironchest:iron_shulker_box_silver:4, Светло-серый Серебряный Шалкеровый ящик
ironchest:iron_shulker_box_silver:5, Светло-серый Кристальный Шалкеровый ящик
ironchest:iron_shulker_box_silver:6, Светло-серый Обсидиановый Шалкеровый ящик
ironchest:iron_shulker_box_cyan:0, Голубой Железный Шалкеровый ящик
ironchest:iron_shulker_box_cyan:1, Голубой Золотой Шалкеровый ящик
ironchest:iron_shulker_box_cyan:2, Голубой Алмазный Шалкеровый ящик
ironchest:iron_shulker_box_cyan:3, Голубой Медный Шалкеровый ящик
ironchest:iron_shulker_box_cyan:4, Голубой Серебряный Шалкеровый ящик
ironchest:iron_shulker_box_cyan:5, Голубой Кристальный Шалкеровый ящик
ironchest:iron_shulker_box_cyan:6, Голубой Обсидиановый Шалкеровый ящик
ironchest:iron_shulker_box_purple:0, Железный Шалкеровый ящик
ironchest:iron_shulker_box_purple:1, Золотой Шалкеровый ящик
ironchest:iron_shulker_box_purple:2, Алмазный Шалкеровый ящик
ironchest:iron_shulker_box_purple:3, Медный Шалкеровый ящик
ironchest:iron_shulker_box_purple:4, Серебряный Шалкеровый ящик
ironchest:iron_shulker_box_purple:5, Кристальный Шалкеровый ящик
ironchest:iron_shulker_box_purple:6, Обсидиановый Шалкеровый ящик
ironchest:iron_shulker_box_blue:0, Синий Железный Шалкеровый ящик
ironchest:iron_shulker_box_blue:1, Синий Золотой Шалкеровый ящик
ironchest:iron_shulker_box_blue:2, Синий Алмазный Шалкеровый ящик
ironchest:iron_shulker_box_blue:3, Синий Медный Шалкеровый ящик
ironchest:iron_shulker_box_blue:4, Синий Серебряный Шалкеровый ящик
ironchest:iron_shulker_box_blue:5, Синий Кристальный Шалкеровый ящик
ironchest:iron_shulker_box_blue:6, Синий Обсидиановый Шалкеровый ящик
ironchest:iron_shulker_box_brown:0, Коричневый Железный Шалкеровый ящик
ironchest:iron_shulker_box_brown:1, Коричневый Золотой Шалкеровый ящик
ironchest:iron_shulker_box_brown:2, Коричневый Алмазный Шалкеровый ящик
ironchest:iron_shulker_box_brown:3, Коричневый Медный Шалкеровый ящик
ironchest:iron_shulker_box_brown:4, Коричневый Серебряный Шалкеровый ящик
ironchest:iron_shulker_box_brown:5, Коричневый Кристальный Шалкеровый ящик
ironchest:iron_shulker_box_brown:6, Коричневый Обсидиановый Шалкеровый ящик
ironchest:iron_shulker_box_green:0, Зелёный Железный Шалкеровый ящик
ironchest:iron_shulker_box_green:1, Зелёный Золотой Шалкеровый ящик
ironchest:iron_shulker_box_green:2, Зелёный Алмазный Шалкеровый ящик
ironchest:iron_shulker_box_green:3, Зелёный Медный Шалкеровый ящик
ironchest:iron_shulker_box_green:4, Зелёный Серебряный Шалкеровый ящик
ironchest:iron_shulker_box_green:5, Зелёный Кристальный Шалкеровый ящик
ironchest:iron_shulker_box_green:6, Зелёный Обсидиановый Шалкеровый ящик
ironchest:iron_shulker_box_red:0, Красный Железный Шалкеровый ящик
ironchest:iron_shulker_box_red:1, Красный Золотой Шалкеровый ящик
ironchest:iron_shulker_box_red:2, Красный Алмазный Шалкеровый ящик
ironchest:iron_shulker_box_red:3, Красный Медный Шалкеровый ящик
ironchest:iron_shulker_box_red:4, Красный Серебряный Шалкеровый ящик
ironchest:iron_shulker_box_red:5, Красный Кристальный Шалкеровый ящик
ironchest:iron_shulker_box_red:6, Красный Обсидиановый Шалкеровый ящик
ironchest:iron_shulker_box_black:0, Чёрный Железный Шалкеровый ящик
ironchest:iron_shulker_box_black:1, Чёрный Золотой Шалкеровый ящик
ironchest:iron_shulker_box_black:2, Чёрный Алмазный Шалкеровый ящик
ironchest:iron_shulker_box_black:3, Чёрный Медный Шалкеровый ящик
ironchest:iron_shulker_box_black:4, Чёрный Серебряный Шалкеровый ящик
ironchest:iron_shulker_box_black:5, Чёрный Кристальный Шалкеровый ящик
ironchest:iron_shulker_box_black:6, Чёрный Обсидиановый Шалкеровый ящик
ironchest:iron_gold_chest_upgrade, Улучшение из железного в золотой сундук
ironchest:gold_diamond_chest_upgrade, Улучшение из золотого в алмазный сундук
ironchest:copper_silver_chest_upgrade, Улучшение из медного в серебряный сундук
ironchest:silver_gold_chest_upgrade, Улучшение из серебряного в золотой сундук
ironchest:copper_iron_chest_upgrade, Улучшение из медного в железный сундук
ironchest:diamond_crystal_chest_upgrade, Улучшение из алмазного в кристальный сундук
ironchest:wood_iron_chest_upgrade, Улучшение из деревянного в железный сундук
ironchest:wood_copper_chest_upgrade, Улучшение из деревянного в медный сундук
ironchest:diamond_obsidian_chest_upgrade, Улучшение из алмазного в обсидиановый сундук
ironchest:iron_gold_shulker_upgrade, Улучшение из железного в золотой Шалкеровый ящик
ironchest:gold_diamond_shulker_upgrade, Улучшение из золотого в алмазный Шалкеровый ящик
ironchest:copper_silver_shulker_upgrade, Улучшение из медного в серебряный Шалкеровый ящик
ironchest:silver_gold_shulker_upgrade, Улучшение из серебряного в золотой Шалкеровый ящик
ironchest:copper_iron_shulker_upgrade, Улучшение из медного в железный Шалкеровый ящик
ironchest:diamond_crystal_shulker_upgrade, Улучшение из алмазного в кристальный Шалкеровый ящик
ironchest:vanilla_iron_shulker_upgrade, Улучшение из обычного в железный Шалкеровый ящик
ironchest:vanilla_copper_shulker_upgrade, Улучшение из обычного в медный Шалкеровый ящик
ironchest:diamond_obsidian_shulker_upgrade, Улучшение из алмазного в обсидиановый Шалкеровый ящик
ironfurnaces:iron_furnace_idle, Железная печь
ironfurnaces:iron_furnace_active, Железная печь
ironfurnaces:gold_furnace_idle, Золотая печь
ironfurnaces:gold_furnace_active, Золотая печь
ironfurnaces:diamond_furnace_idle, Алмазная печь
ironfurnaces:diamond_furnace_active, Алмазная печь
ironfurnaces:glass_furnace_idle, Стеклянная печь
ironfurnaces:glass_furnace_active, Стеклянная печь
ironfurnaces:obsidian_furnace_idle, Обсидиановая печь
ironfurnaces:obsidian_furnace_active, Обсидиановая печь
storagedrawers:upgrade_template, Шаблон Улучшения
storagedrawers:upgrade_storage:0, Улучшение Хранилища (I)
storagedrawers:upgrade_storage:1, Улучшение Хранилища (II)
storagedrawers:upgrade_storage:2, Улучшение Хранилища (III)
storagedrawers:upgrade_storage:3, Улучшение Хранилища (IV)
storagedrawers:upgrade_storage:4, Улучшение Хранилища (V)
storagedrawers:upgrade_one_stack, Storage Downgrade
storagedrawers:upgrade_status:0, Улучшение «Индикатор» (I)
storagedrawers:upgrade_status:1, Улучшение «Индикатор» (II)
storagedrawers:upgrade_void, Пустотное Улучшение
storagedrawers:upgrade_conversion, Conversion Upgrade
storagedrawers:upgrade_creative:0, Творческое Улучшение Хранилища
storagedrawers:upgrade_creative:1, Творческое Торговое Улучшение
storagedrawers:upgrade_redstone:0, Редстоун Улучшение
storagedrawers:upgrade_redstone:1, Редстоун Макс. Улучшение
storagedrawers:upgrade_redstone:2, Редстоун Мин. Улучшение
storagedrawers:drawer_key, Ключ Ящика
storagedrawers:shroud_key, Ключ Сокрытия
storagedrawers:personal_key, Персональный Ключ
storagedrawers:quantify_key, Quantify Key
storagedrawers:tape, Лента Для Упаковки
storagedrawers:basicdrawers:0, Основной Ящик
storagedrawers:basicdrawers:0, Основной Ящик
storagedrawers:basicdrawers:0, Основной Ящик
storagedrawers:basicdrawers:0, Основной Ящик
storagedrawers:basicdrawers:0, Основной Ящик
storagedrawers:basicdrawers:0, Основной Ящик
storagedrawers:basicdrawers:1, Основной Ящик 1x2
storagedrawers:basicdrawers:1, Основной Ящик 1x2
storagedrawers:basicdrawers:1, Основной Ящик 1x2
storagedrawers:basicdrawers:1, Основной Ящик 1x2
storagedrawers:basicdrawers:1, Основной Ящик 1x2
storagedrawers:basicdrawers:1, Основной Ящик 1x2
storagedrawers:basicdrawers:2, Основной Ящик 2x2
storagedrawers:basicdrawers:2, Основной Ящик 2x2
storagedrawers:basicdrawers:2, Основной Ящик 2x2
storagedrawers:basicdrawers:2, Основной Ящик 2x2
storagedrawers:basicdrawers:2, Основной Ящик 2x2
storagedrawers:basicdrawers:2, Основной Ящик 2x2
storagedrawers:basicdrawers:3, Половина Ящика 1x2
storagedrawers:basicdrawers:3, Половина Ящика 1x2
storagedrawers:basicdrawers:3, Половина Ящика 1x2
storagedrawers:basicdrawers:3, Половина Ящика 1x2
storagedrawers:basicdrawers:3, Половина Ящика 1x2
storagedrawers:basicdrawers:3, Половина Ящика 1x2
storagedrawers:basicdrawers:4, Половина Ящика 2x2
storagedrawers:basicdrawers:4, Половина Ящика 2x2
storagedrawers:basicdrawers:4, Половина Ящика 2x2
storagedrawers:basicdrawers:4, Половина Ящика 2x2
storagedrawers:basicdrawers:4, Половина Ящика 2x2
storagedrawers:basicdrawers:4, Половина Ящика 2x2
storagedrawers:keybutton:0, Drawer Key Button
storagedrawers:keybutton:1, Concealment Key Button
storagedrawers:keybutton:2, Personal Key Button
storagedrawers:keybutton:3, Quantify Key Button
storagedrawers:compdrawers, Уплотняющие Ящики
storagedrawers:controller, Контроллер Ящика
storagedrawers:controllerslave, Подчиненный Контроллера
storagedrawers:trim:0, Отделка из Дуба
storagedrawers:trim:1, Отделка из Ели
storagedrawers:trim:2, Отделка из Берёзы
storagedrawers:trim:3, Отделка из Тропического Дерева
storagedrawers:trim:4, Отделка из Акации
storagedrawers:trim:5, Отделка из Тёмного Дуба
storagedrawers:customdrawers:0, Обрамлённый Ящик
storagedrawers:customdrawers:1, Обрамлённый Ящик 1x2
storagedrawers:customdrawers:2, Обрамлённый Ящик 2x2
storagedrawers:customdrawers:3, Обрамлённый Половинный Ящик 1x2
storagedrawers:customdrawers:4, Обрамлённый Половинный Ящик 2x2
storagedrawers:customtrim, Оформлен Отделкой
storagedrawers:framingtable, Стол Обрамления
tconstruct:book, Материалы и Вы
tconstruct:soil:0, Цемент
tconstruct:soil:1, Конгломерат зелёной слизи
tconstruct:soil:2, Конгломерат синей слизи
tconstruct:soil:3, Кладбищенская земля
tconstruct:soil:4, Освящённая земля
tconstruct:soil:5, Конгломерат огненной слизи
tconstruct:slime:1, Блок синей слизи
tconstruct:slime:2, Блок фиолетовой слизи
tconstruct:slime:3, Блок крови
tconstruct:slime:4, Блок огненной слизи
tconstruct:slime_congealed:0, Блок застывшей зелёной слизи
tconstruct:slime_congealed:1, Блок застывшей синей слизи
tconstruct:slime_congealed:2, Блок застывшей фиолетовой слизи
tconstruct:slime_congealed:3, Блок застывшей крови
tconstruct:slime_congealed:4, Блок застывшей огненной слизи
tconstruct:ore:0, Кобальтовая руда
tconstruct:ore:1, Ардитовая руда
tconstruct:firewood:0, Лаводерево
tconstruct:firewood:1, Огнедерево
tconstruct:deco_ground:0, Грязевой кирпич
tconstruct:clear_glass:0, Чистое стекло
tconstruct:clear_stained_glass:0, Чистое белое стекло
tconstruct:clear_stained_glass:1, Чистое оранжевое стекло
tconstruct:clear_stained_glass:2, Чистое пурпурное стекло
tconstruct:clear_stained_glass:3, Чистое голубое стекло
tconstruct:clear_stained_glass:4, Чистое жёлтое стекло
tconstruct:clear_stained_glass:5, Чистое лаймовое стекло
tconstruct:clear_stained_glass:6, Чистое розовое стекло
tconstruct:clear_stained_glass:7, Чистое серое стекло
tconstruct:clear_stained_glass:8, Чистое светло-серое стекло
tconstruct:clear_stained_glass:9, Чистое бирюзовое стекло
tconstruct:clear_stained_glass:10, Чистое фиолетовое стекло
tconstruct:clear_stained_glass:11, Чистое синее стекло
tconstruct:clear_stained_glass:12, Чистое коричневое стекло
tconstruct:clear_stained_glass:13, Чистое зелёное стекло
tconstruct:clear_stained_glass:14, Чистое красное стекло
tconstruct:clear_stained_glass:15, Чистое чёрное стекло
tconstruct:deco_ground_slab:0, Грязевая плита
tconstruct:firewood_slab:0, Лаводеревянная плита
tconstruct:firewood_slab:1, Огнедеревянная плита
tconstruct:mudbrick_stairs:0, Грязевые ступеньки
tconstruct:firewood_stairs:0, Огнедеревянные ступеньки
tconstruct:lavawood_stairs:0, Лаводеревянные ступеньки
tconstruct:nuggets:0, Кобальтовый самородок
tconstruct:nuggets:1, Ардитовый самородок
tconstruct:nuggets:2, Маньюлиновый самородок
tconstruct:nuggets:3, Слизестальный самородок
tconstruct:nuggets:4, Самородок свиностали
tconstruct:ingots:0, Кобальтовый слиток
tconstruct:ingots:1, Ардитовый слиток
tconstruct:ingots:2, Маньюлиновый слиток
tconstruct:ingots:3, Слиток слизестали
tconstruct:ingots:4, Слиток свиностали
tconstruct:materials:0, Сушёный кирпич
tconstruct:materials:1, Грязевой кирпич
tconstruct:materials:2, Кирпич сушёной глины
tconstruct:materials:9, Кристалл зелёной слизи
tconstruct:materials:10, Кристалл синей слизи
tconstruct:materials:11, Кристалл огненной слизи
tconstruct:materials:12, Экспандер (Горизонталь)
tconstruct:materials:13, Экспандер (Вертикаль)
tconstruct:materials:14, Укрепитель
tconstruct:materials:15, Шёлковая ткань
tconstruct:materials:16, Шёлковый камень
tconstruct:materials:17, Кость нежити
tconstruct:materials:18, Шар мха
tconstruct:materials:19, Запоминающий мох
tconstruct:materials:50, Креативный модификатор
tconstruct:edible:0, Бекон
tconstruct:edible:1, Шарик синей слизи
tconstruct:edible:2, Шарик фиолетовой слизи
tconstruct:edible:3, Шарик крови
tconstruct:edible:4, Шарик огненной слизи
tconstruct:edible:5, Slimeball
tconstruct:edible:10, Сушёная гнилая плоть
tconstruct:edible:11, Вяленая говядина
tconstruct:edible:12, Вяленая курятина
tconstruct:edible:13, Вяленая свинина
tconstruct:edible:14, Вяленая ягнятина
tconstruct:edible:15, Вяленая крольчатина
tconstruct:edible:20, Сушёная рыба
tconstruct:edible:21, Сушёная лососина
tconstruct:edible:22, Сушёная рыба-клоун
tconstruct:edible:23, Сушёная фугу
tconstruct:edible:30, Засохшая зелёная слизь
tconstruct:edible:31, Засохшая синяя слизь
tconstruct:edible:32, Засохшая фиолетовая слизь
tconstruct:edible:33, Засохшая капля крови
tconstruct:edible:34, Засохшая огненная слизь
tconstruct:metal:0, Блок кобальта
tconstruct:metal:1, Блок ардита
tconstruct:metal:2, Блок маньюлина
tconstruct:metal:3, Блок слизестали
tconstruct:metal:4, Блок свинстали
tconstruct:metal:6, Шёлковый блок
tconstruct:slime_dirt:0, Грязь из зелёной слизи
tconstruct:slime_dirt:1, Грязь из синей слизи
tconstruct:slime_dirt:2, Грязь из фиолетовой слизи
tconstruct:slime_dirt:3, Грязь из огненной слизи
tconstruct:slime_grass:0, Слизневая трава
tconstruct:slime_grass:1, Трава из зелёной слизи
tconstruct:slime_grass:2, Трава из синей слизи
tconstruct:slime_grass:3, Трава из фиолетовой слизи
tconstruct:slime_grass:4, Трава из огненной слизи
tconstruct:slime_grass:5, Слизневая трава
tconstruct:slime_grass:6, Трава из зелёной слизи
tconstruct:slime_grass:7, Трава из синей слизи
tconstruct:slime_grass:8, Трава из фиолетовой слизи
tconstruct:slime_grass:9, Трава из огненной слизи
tconstruct:slime_grass:10, Слизневая трава
tconstruct:slime_grass:11, Трава из зелёной слизи
tconstruct:slime_grass:12, Трава из синей слизи
tconstruct:slime_grass:13, Трава из фиолетовой слизи
tconstruct:slime_grass:14, Трава из огненной слизи
tconstruct:slime_leaves:0, Листья синей слизи
tconstruct:slime_leaves:1, Листья фиолетовой слизи
tconstruct:slime_leaves:2, Листья огненной слизи
tconstruct:slime_grass_tall:0, Высокая трава из слизи
tconstruct:slime_grass_tall:4, Высокая трава из слизи
tconstruct:slime_grass_tall:8, Высокая трава из слизи
tconstruct:slime_grass_tall:1, Слизневый папоротник
tconstruct:slime_grass_tall:5, Слизневый папоротник
tconstruct:slime_grass_tall:9, Слизневый папоротник
tconstruct:slime_sapling:0, Саженец синей слизи
tconstruct:slime_sapling:1, Саженец фиолетовой слизи
tconstruct:slime_sapling:2, Саженец огненной слизи
tconstruct:slime_vine_blue_end:0, Лоза синей слизи
tconstruct:slime_vine_blue_mid:0, Лоза синей слизи
tconstruct:slime_vine_blue:0, Лоза синей слизи
tconstruct:slime_vine_purple_end:0, Лоза фиолетовой слизи
tconstruct:slime_vine_purple_mid:0, Лоза фиолетовой слизи
tconstruct:slime_vine_purple:0, Лоза фиолетовой слизи
tconstruct:pattern:0, Пустая схема
tconstruct:pattern:0, Схема - лезвие топора
tconstruct:pattern:0, Схема - оперение
tconstruct:pattern:0, Схема - навершие косы
tconstruct:pattern:0, Схема - табличка
tconstruct:pattern:0, Схема - крепление
tconstruct:pattern:0, Схема - древко стрелы
tconstruct:pattern:0, Схема - лезвие ножа
tconstruct:pattern:0, Схема - полотно лопаты
tconstruct:pattern:0, Схема - мощное крепление
tconstruct:pattern:0, Схема - оселок
tconstruct:pattern:0, Схема - малая гарда
tconstruct:pattern:0, Схема - поперечная гарда
tconstruct:pattern:0, Схема - осколок
tconstruct:pattern:0, Схема - боёк молота
tconstruct:pattern:0, Схема - плечо лука
tconstruct:pattern:0, Схема - большая пластина
tconstruct:pattern:0, Схема - большое полотно лопаты
tconstruct:pattern:0, Схема - широкое лезвие меча
tconstruct:pattern:0, Схема - мощная рукоять
tconstruct:pattern:0, Схема - лезвие меча
tconstruct:pattern:0, Схема - наконечник
tconstruct:pattern:0, Схема - широкая карда
tconstruct:pattern:0, Схема - тетива
tconstruct:pattern:0, Схема - рукоять
tconstruct:pattern:0, Схема - полотно сковороды
tconstruct:pattern:0, Схема - большое лезвие топора
tconstruct:pattern:0, Схема - Kama Head
tconstruct:pattern:0, Схема - навершие кирки
tconstruct:shard:0, Деревянн. осколок
tconstruct:shard:0, Каменн. осколок
tconstruct:shard:0, Кремнев. осколок
tconstruct:shard:0, Кактусов. осколок
tconstruct:shard:0, Костян. осколок
tconstruct:shard:0, Обсидианов. осколок
tconstruct:shard:0, Призмаринов. осколок
tconstruct:shard:0, Эндеровск. осколок
tconstruct:shard:0, Бумажн. осколок
tconstruct:shard:0, Губочн. осколок
tconstruct:shard:0, Огнедерев. осколок
tconstruct:shard:0, Железн. осколок
tconstruct:shard:0, Свиностальн. осколок
tconstruct:shard:0, Слизестальн. осколок
tconstruct:shard:0, Слизнев. осколок
tconstruct:shard:0, Синеслизнев. осколок
tconstruct:shard:0, Огнеслизнев. осколок
tconstruct:shard:0, Адокаменн. осколок
tconstruct:shard:0, Кобальтов. осколок
tconstruct:shard:0, Ардитов. осколок
tconstruct:shard:0, Маньюлинов. осколок
tconstruct:shard:0, Медн. осколок
tconstruct:shard:0, Бронзов. осколок
tconstruct:shard:0, Свинцов. осколок
tconstruct:shard:0, Серебрян. осколок
tconstruct:shard:0, Электрумов. осколок
tconstruct:shard:0, Стальн. осколок
tconstruct:sharpening_kit:0, Деревянн. оселок
tconstruct:sharpening_kit:0, Каменн. оселок
tconstruct:sharpening_kit:0, Кремнев. оселок
tconstruct:sharpening_kit:0, Кактусов. оселок
tconstruct:sharpening_kit:0, Костян. оселок
tconstruct:sharpening_kit:0, Обсидианов. оселок
tconstruct:sharpening_kit:0, Призмаринов. оселок
tconstruct:sharpening_kit:0, Эндеровск. оселок
tconstruct:sharpening_kit:0, Бумажн. оселок
tconstruct:sharpening_kit:0, Губочн. оселок
tconstruct:sharpening_kit:0, Огнедерев. оселок
tconstruct:sharpening_kit:0, Железн. оселок
tconstruct:sharpening_kit:0, Свиностальн. оселок
tconstruct:sharpening_kit:0, Слизестальн. оселок
tconstruct:sharpening_kit:0, Слизнев. оселок
tconstruct:sharpening_kit:0, Синеслизнев. оселок
tconstruct:sharpening_kit:0, Огнеслизнев. оселок
tconstruct:sharpening_kit:0, Адокаменн. оселок
tconstruct:sharpening_kit:0, Кобальтов. оселок
tconstruct:sharpening_kit:0, Ардитов. оселок
tconstruct:sharpening_kit:0, Маньюлинов. оселок
tconstruct:sharpening_kit:0, Медн. оселок
tconstruct:sharpening_kit:0, Бронзов. оселок
tconstruct:sharpening_kit:0, Свинцов. оселок
tconstruct:sharpening_kit:0, Серебрян. оселок
tconstruct:sharpening_kit:0, Электрумов. оселок
tconstruct:sharpening_kit:0, Стальн. оселок
tconstruct:pick_head:0, Деревянн. навершие кирки
tconstruct:pick_head:0, Каменн. навершие кирки
tconstruct:pick_head:0, Кремнев. навершие кирки
tconstruct:pick_head:0, Кактусов. навершие кирки
tconstruct:pick_head:0, Костян. навершие кирки
tconstruct:pick_head:0, Обсидианов. навершие кирки
tconstruct:pick_head:0, Призмаринов. навершие кирки
tconstruct:pick_head:0, Эндеровск. навершие кирки
tconstruct:pick_head:0, Бумажн. навершие кирки
tconstruct:pick_head:0, Губочн. навершие кирки
tconstruct:pick_head:0, Огнедерев. навершие кирки
tconstruct:pick_head:0, Железн. навершие кирки
tconstruct:pick_head:0, Свиностальн. навершие кирки
tconstruct:pick_head:0, Слизестальн. навершие кирки
tconstruct:pick_head:0, Слизнев. навершие кирки
tconstruct:pick_head:0, Синеслизнев. навершие кирки
tconstruct:pick_head:0, Огнеслизнев. навершие кирки
tconstruct:pick_head:0, Адокаменн. навершие кирки
tconstruct:pick_head:0, Кобальтов. навершие кирки
tconstruct:pick_head:0, Ардитов. навершие кирки
tconstruct:pick_head:0, Маньюлинов. навершие кирки
tconstruct:pick_head:0, Медн. навершие кирки
tconstruct:pick_head:0, Бронзов. навершие кирки
tconstruct:pick_head:0, Свинцов. навершие кирки
tconstruct:pick_head:0, Серебрян. навершие кирки
tconstruct:pick_head:0, Электрумов. навершие кирки
tconstruct:pick_head:0, Стальн. навершие кирки
tconstruct:shovel_head:0, Деревянн. полотно лопаты
tconstruct:shovel_head:0, Каменн. полотно лопаты
tconstruct:shovel_head:0, Кремнев. полотно лопаты
tconstruct:shovel_head:0, Кактусов. полотно лопаты
tconstruct:shovel_head:0, Костян. полотно лопаты
tconstruct:shovel_head:0, Обсидианов. полотно лопаты
tconstruct:shovel_head:0, Призмаринов. полотно лопаты
tconstruct:shovel_head:0, Эндеровск. полотно лопаты
tconstruct:shovel_head:0, Бумажн. полотно лопаты
tconstruct:shovel_head:0, Губочн. полотно лопаты
tconstruct:shovel_head:0, Огнедерев. полотно лопаты
tconstruct:shovel_head:0, Железн. полотно лопаты
tconstruct:shovel_head:0, Свиностальн. полотно лопаты
tconstruct:shovel_head:0, Слизестальн. полотно лопаты
tconstruct:shovel_head:0, Слизнев. полотно лопаты
tconstruct:shovel_head:0, Синеслизнев. полотно лопаты
tconstruct:shovel_head:0, Огнеслизнев. полотно лопаты
tconstruct:shovel_head:0, Адокаменн. полотно лопаты
tconstruct:shovel_head:0, Кобальтов. полотно лопаты
tconstruct:shovel_head:0, Ардитов. полотно лопаты
tconstruct:shovel_head:0, Маньюлинов. полотно лопаты
tconstruct:shovel_head:0, Медн. полотно лопаты
tconstruct:shovel_head:0, Бронзов. полотно лопаты
tconstruct:shovel_head:0, Свинцов. полотно лопаты
tconstruct:shovel_head:0, Серебрян. полотно лопаты
tconstruct:shovel_head:0, Электрумов. полотно лопаты
tconstruct:shovel_head:0, Стальн. полотно лопаты
tconstruct:axe_head:0, Деревянн. лезвие топора
tconstruct:axe_head:0, Каменн. лезвие топора
tconstruct:axe_head:0, Кремнев. лезвие топора
tconstruct:axe_head:0, Кактусов. лезвие топора
tconstruct:axe_head:0, Костян. лезвие топора
tconstruct:axe_head:0, Обсидианов. лезвие топора
tconstruct:axe_head:0, Призмаринов. лезвие топора
tconstruct:axe_head:0, Эндеровск. лезвие топора
tconstruct:axe_head:0, Бумажн. лезвие топора
tconstruct:axe_head:0, Губочн. лезвие топора
tconstruct:axe_head:0, Огнедерев. лезвие топора
tconstruct:axe_head:0, Железн. лезвие топора
tconstruct:axe_head:0, Свиностальн. лезвие топора
tconstruct:axe_head:0, Слизестальн. лезвие топора
tconstruct:axe_head:0, Слизнев. лезвие топора
tconstruct:axe_head:0, Синеслизнев. лезвие топора
tconstruct:axe_head:0, Огнеслизнев. лезвие топора
tconstruct:axe_head:0, Адокаменн. лезвие топора
tconstruct:axe_head:0, Кобальтов. лезвие топора
tconstruct:axe_head:0, Ардитов. лезвие топора
tconstruct:axe_head:0, Маньюлинов. лезвие топора
tconstruct:axe_head:0, Медн. лезвие топора
tconstruct:axe_head:0, Бронзов. лезвие топора
tconstruct:axe_head:0, Свинцов. лезвие топора
tconstruct:axe_head:0, Серебрян. лезвие топора
tconstruct:axe_head:0, Электрумов. лезвие топора
tconstruct:axe_head:0, Стальн. лезвие топора
tconstruct:broad_axe_head:0, Деревянн. большое лезвие топора
tconstruct:broad_axe_head:0, Каменн. большое лезвие топора
tconstruct:broad_axe_head:0, Кремнев. большое лезвие топора
tconstruct:broad_axe_head:0, Кактусов. большое лезвие топора
tconstruct:broad_axe_head:0, Костян. большое лезвие топора
tconstruct:broad_axe_head:0, Обсидианов. большое лезвие топора
tconstruct:broad_axe_head:0, Призмаринов. большое лезвие топора
tconstruct:broad_axe_head:0, Эндеровск. большое лезвие топора
tconstruct:broad_axe_head:0, Бумажн. большое лезвие топора
tconstruct:broad_axe_head:0, Губочн. большое лезвие топора
tconstruct:broad_axe_head:0, Огнедерев. большое лезвие топора
tconstruct:broad_axe_head:0, Железн. большое лезвие топора
tconstruct:broad_axe_head:0, Свиностальн. большое лезвие топора
tconstruct:broad_axe_head:0, Слизестальн. большое лезвие топора
tconstruct:broad_axe_head:0, Слизнев. большое лезвие топора
tconstruct:broad_axe_head:0, Синеслизнев. большое лезвие топора
tconstruct:broad_axe_head:0, Огнеслизнев. большое лезвие топора
tconstruct:broad_axe_head:0, Адокаменн. большое лезвие топора
tconstruct:broad_axe_head:0, Кобальтов. большое лезвие топора
tconstruct:broad_axe_head:0, Ардитов. большое лезвие топора
tconstruct:broad_axe_head:0, Маньюлинов. большое лезвие топора
tconstruct:broad_axe_head:0, Медн. большое лезвие топора
tconstruct:broad_axe_head:0, Бронзов. большое лезвие топора
tconstruct:broad_axe_head:0, Свинцов. большое лезвие топора
tconstruct:broad_axe_head:0, Серебрян. большое лезвие топора
tconstruct:broad_axe_head:0, Электрумов. большое лезвие топора
tconstruct:broad_axe_head:0, Стальн. большое лезвие топора
tconstruct:sword_blade:0, Деревянн. лезвие меча
tconstruct:sword_blade:0, Каменн. лезвие меча
tconstruct:sword_blade:0, Кремнев. лезвие меча
tconstruct:sword_blade:0, Кактусов. лезвие меча
tconstruct:sword_blade:0, Костян. лезвие меча
tconstruct:sword_blade:0, Обсидианов. лезвие меча
tconstruct:sword_blade:0, Призмаринов. лезвие меча
tconstruct:sword_blade:0, Эндеровск. лезвие меча
tconstruct:sword_blade:0, Бумажн. лезвие меча
tconstruct:sword_blade:0, Губочн. лезвие меча
tconstruct:sword_blade:0, Огнедерев. лезвие меча
tconstruct:sword_blade:0, Железн. лезвие меча
tconstruct:sword_blade:0, Свиностальн. лезвие меча
tconstruct:sword_blade:0, Слизестальн. лезвие меча
tconstruct:sword_blade:0, Слизнев. лезвие меча
tconstruct:sword_blade:0, Синеслизнев. лезвие меча
tconstruct:sword_blade:0, Огнеслизнев. лезвие меча
tconstruct:sword_blade:0, Адокаменн. лезвие меча
tconstruct:sword_blade:0, Кобальтов. лезвие меча
tconstruct:sword_blade:0, Ардитов. лезвие меча
tconstruct:sword_blade:0, Маньюлинов. лезвие меча
tconstruct:sword_blade:0, Медн. лезвие меча
tconstruct:sword_blade:0, Бронзов. лезвие меча
tconstruct:sword_blade:0, Свинцов. лезвие меча
tconstruct:sword_blade:0, Серебрян. лезвие меча
tconstruct:sword_blade:0, Электрумов. лезвие меча
tconstruct:sword_blade:0, Стальн. лезвие меча
tconstruct:large_sword_blade:0, Деревянн. широкое лезвие меча
tconstruct:large_sword_blade:0, Каменн. широкое лезвие меча
tconstruct:large_sword_blade:0, Кремнев. широкое лезвие меча
tconstruct:large_sword_blade:0, Кактусов. широкое лезвие меча
tconstruct:large_sword_blade:0, Костян. широкое лезвие меча
tconstruct:large_sword_blade:0, Обсидианов. широкое лезвие меча
tconstruct:large_sword_blade:0, Призмаринов. широкое лезвие меча
tconstruct:large_sword_blade:0, Эндеровск. широкое лезвие меча
tconstruct:large_sword_blade:0, Бумажн. широкое лезвие меча
tconstruct:large_sword_blade:0, Губочн. широкое лезвие меча
tconstruct:large_sword_blade:0, Огнедерев. широкое лезвие меча
tconstruct:large_sword_blade:0, Железн. широкое лезвие меча
tconstruct:large_sword_blade:0, Свиностальн. широкое лезвие меча
tconstruct:large_sword_blade:0, Слизестальн. широкое лезвие меча
tconstruct:large_sword_blade:0, Слизнев. широкое лезвие меча
tconstruct:large_sword_blade:0, Синеслизнев. широкое лезвие меча
tconstruct:large_sword_blade:0, Огнеслизнев. широкое лезвие меча
tconstruct:large_sword_blade:0, Адокаменн. широкое лезвие меча
tconstruct:large_sword_blade:0, Кобальтов. широкое лезвие меча
tconstruct:large_sword_blade:0, Ардитов. широкое лезвие меча
tconstruct:large_sword_blade:0, Маньюлинов. широкое лезвие меча
tconstruct:large_sword_blade:0, Медн. широкое лезвие меча
tconstruct:large_sword_blade:0, Бронзов. широкое лезвие меча
tconstruct:large_sword_blade:0, Свинцов. широкое лезвие меча
tconstruct:large_sword_blade:0, Серебрян. широкое лезвие меча
tconstruct:large_sword_blade:0, Электрумов. широкое лезвие меча
tconstruct:large_sword_blade:0, Стальн. широкое лезвие меча
tconstruct:hammer_head:0, Деревянн. боёк молота
tconstruct:hammer_head:0, Каменн. боёк молота
tconstruct:hammer_head:0, Кремнев. боёк молота
tconstruct:hammer_head:0, Кактусов. боёк молота
tconstruct:hammer_head:0, Костян. боёк молота
tconstruct:hammer_head:0, Обсидианов. боёк молота
tconstruct:hammer_head:0, Призмаринов. боёк молота
tconstruct:hammer_head:0, Эндеровск. боёк молота
tconstruct:hammer_head:0, Бумажн. боёк молота
tconstruct:hammer_head:0, Губочн. боёк молота
tconstruct:hammer_head:0, Огнедерев. боёк молота
tconstruct:hammer_head:0, Железн. боёк молота
tconstruct:hammer_head:0, Свиностальн. боёк молота
tconstruct:hammer_head:0, Слизестальн. боёк молота
tconstruct:hammer_head:0, Слизнев. боёк молота
tconstruct:hammer_head:0, Синеслизнев. боёк молота
tconstruct:hammer_head:0, Огнеслизнев. боёк молота
tconstruct:hammer_head:0, Адокаменн. боёк молота
tconstruct:hammer_head:0, Кобальтов. боёк молота
tconstruct:hammer_head:0, Ардитов. боёк молота
tconstruct:hammer_head:0, Маньюлинов. боёк молота
tconstruct:hammer_head:0, Медн. боёк молота
tconstruct:hammer_head:0, Бронзов. боёк молота
tconstruct:hammer_head:0, Свинцов. боёк молота
tconstruct:hammer_head:0, Серебрян. боёк молота
tconstruct:hammer_head:0, Электрумов. боёк молота
tconstruct:hammer_head:0, Стальн. боёк молота
tconstruct:excavator_head:0, Деревянн. большое полотно лопаты
tconstruct:excavator_head:0, Каменн. большое полотно лопаты
tconstruct:excavator_head:0, Кремнев. большое полотно лопаты
tconstruct:excavator_head:0, Кактусов. большое полотно лопаты
tconstruct:excavator_head:0, Костян. большое полотно лопаты
tconstruct:excavator_head:0, Обсидианов. большое полотно лопаты
tconstruct:excavator_head:0, Призмаринов. большое полотно лопаты
tconstruct:excavator_head:0, Эндеровск. большое полотно лопаты
tconstruct:excavator_head:0, Бумажн. большое полотно лопаты
tconstruct:excavator_head:0, Губочн. большое полотно лопаты
tconstruct:excavator_head:0, Огнедерев. большое полотно лопаты
tconstruct:excavator_head:0, Железн. большое полотно лопаты
tconstruct:excavator_head:0, Свиностальн. большое полотно лопаты
tconstruct:excavator_head:0, Слизестальн. большое полотно лопаты
tconstruct:excavator_head:0, Слизнев. большое полотно лопаты
tconstruct:excavator_head:0, Синеслизнев. большое полотно лопаты
tconstruct:excavator_head:0, Огнеслизнев. большое полотно лопаты
tconstruct:excavator_head:0, Адокаменн. большое полотно лопаты
tconstruct:excavator_head:0, Кобальтов. большое полотно лопаты
tconstruct:excavator_head:0, Ардитов. большое полотно лопаты
tconstruct:excavator_head:0, Маньюлинов. большое полотно лопаты
tconstruct:excavator_head:0, Медн. большое полотно лопаты
tconstruct:excavator_head:0, Бронзов. большое полотно лопаты
tconstruct:excavator_head:0, Свинцов. большое полотно лопаты
tconstruct:excavator_head:0, Серебрян. большое полотно лопаты
tconstruct:excavator_head:0, Электрумов. большое полотно лопаты
tconstruct:excavator_head:0, Стальн. большое полотно лопаты
tconstruct:kama_head:0, Деревянн. Kama Head
tconstruct:kama_head:0, Каменн. Kama Head
tconstruct:kama_head:0, Кремнев. Kama Head
tconstruct:kama_head:0, Кактусов. Kama Head
tconstruct:kama_head:0, Костян. Kama Head
tconstruct:kama_head:0, Обсидианов. Kama Head
tconstruct:kama_head:0, Призмаринов. Kama Head
tconstruct:kama_head:0, Эндеровск. Kama Head
tconstruct:kama_head:0, Бумажн. Kama Head
tconstruct:kama_head:0, Губочн. Kama Head
tconstruct:kama_head:0, Огнедерев. Kama Head
tconstruct:kama_head:0, Железн. Kama Head
tconstruct:kama_head:0, Свиностальн. Kama Head
tconstruct:kama_head:0, Слизестальн. Kama Head
tconstruct:kama_head:0, Слизнев. Kama Head
tconstruct:kama_head:0, Синеслизнев. Kama Head
tconstruct:kama_head:0, Огнеслизнев. Kama Head
tconstruct:kama_head:0, Адокаменн. Kama Head
tconstruct:kama_head:0, Кобальтов. Kama Head
tconstruct:kama_head:0, Ардитов. Kama Head
tconstruct:kama_head:0, Маньюлинов. Kama Head
tconstruct:kama_head:0, Медн. Kama Head
tconstruct:kama_head:0, Бронзов. Kama Head
tconstruct:kama_head:0, Свинцов. Kama Head
tconstruct:kama_head:0, Серебрян. Kama Head
tconstruct:kama_head:0, Электрумов. Kama Head
tconstruct:kama_head:0, Стальн. Kama Head
tconstruct:scythe_head:0, Деревянн. навершие косы
tconstruct:scythe_head:0, Каменн. навершие косы
tconstruct:scythe_head:0, Кремнев. навершие косы
tconstruct:scythe_head:0, Кактусов. навершие косы
tconstruct:scythe_head:0, Костян. навершие косы
tconstruct:scythe_head:0, Обсидианов. навершие косы
tconstruct:scythe_head:0, Призмаринов. навершие косы
tconstruct:scythe_head:0, Эндеровск. навершие косы
tconstruct:scythe_head:0, Бумажн. навершие косы
tconstruct:scythe_head:0, Губочн. навершие косы
tconstruct:scythe_head:0, Огнедерев. навершие косы
tconstruct:scythe_head:0, Железн. навершие косы
tconstruct:scythe_head:0, Свиностальн. навершие косы
tconstruct:scythe_head:0, Слизестальн. навершие косы
tconstruct:scythe_head:0, Слизнев. навершие косы
tconstruct:scythe_head:0, Синеслизнев. навершие косы
tconstruct:scythe_head:0, Огнеслизнев. навершие косы
tconstruct:scythe_head:0, Адокаменн. навершие косы
tconstruct:scythe_head:0, Кобальтов. навершие косы
tconstruct:scythe_head:0, Ардитов. навершие косы
tconstruct:scythe_head:0, Маньюлинов. навершие косы
tconstruct:scythe_head:0, Медн. навершие косы
tconstruct:scythe_head:0, Бронзов. навершие косы
tconstruct:scythe_head:0, Свинцов. навершие косы
tconstruct:scythe_head:0, Серебрян. навершие косы
tconstruct:scythe_head:0, Электрумов. навершие косы
tconstruct:scythe_head:0, Стальн. навершие косы
tconstruct:pan_head:0, Деревянн. полотно сковороды
tconstruct:pan_head:0, Каменн. полотно сковороды
tconstruct:pan_head:0, Кремнев. полотно сковороды
tconstruct:pan_head:0, Кактусов. полотно сковороды
tconstruct:pan_head:0, Костян. полотно сковороды
tconstruct:pan_head:0, Обсидианов. полотно сковороды
tconstruct:pan_head:0, Призмаринов. полотно сковороды
tconstruct:pan_head:0, Эндеровск. полотно сковороды
tconstruct:pan_head:0, Бумажн. полотно сковороды
tconstruct:pan_head:0, Губочн. полотно сковороды
tconstruct:pan_head:0, Огнедерев. полотно сковороды
tconstruct:pan_head:0, Железн. полотно сковороды
tconstruct:pan_head:0, Свиностальн. полотно сковороды
tconstruct:pan_head:0, Слизестальн. полотно сковороды
tconstruct:pan_head:0, Слизнев. полотно сковороды
tconstruct:pan_head:0, Синеслизнев. полотно сковороды
tconstruct:pan_head:0, Огнеслизнев. полотно сковороды
tconstruct:pan_head:0, Адокаменн. полотно сковороды
tconstruct:pan_head:0, Кобальтов. полотно сковороды
tconstruct:pan_head:0, Ардитов. полотно сковороды
tconstruct:pan_head:0, Маньюлинов. полотно сковороды
tconstruct:pan_head:0, Медн. полотно сковороды
tconstruct:pan_head:0, Бронзов. полотно сковороды
tconstruct:pan_head:0, Свинцов. полотно сковороды
tconstruct:pan_head:0, Серебрян. полотно сковороды
tconstruct:pan_head:0, Электрумов. полотно сковороды
tconstruct:pan_head:0, Стальн. полотно сковороды
tconstruct:sign_head:0, Деревянн. табличка
tconstruct:sign_head:0, Каменн. табличка
tconstruct:sign_head:0, Кремнев. табличка
tconstruct:sign_head:0, Кактусов. табличка
tconstruct:sign_head:0, Костян. табличка
tconstruct:sign_head:0, Обсидианов. табличка
tconstruct:sign_head:0, Призмаринов. табличка
tconstruct:sign_head:0, Эндеровск. табличка
tconstruct:sign_head:0, Бумажн. табличка
tconstruct:sign_head:0, Губочн. табличка
tconstruct:sign_head:0, Огнедерев. табличка
tconstruct:sign_head:0, Железн. табличка
tconstruct:sign_head:0, Свиностальн. табличка
tconstruct:sign_head:0, Слизестальн. табличка
tconstruct:sign_head:0, Слизнев. табличка
tconstruct:sign_head:0, Синеслизнев. табличка
tconstruct:sign_head:0, Огнеслизнев. табличка
tconstruct:sign_head:0, Адокаменн. табличка
tconstruct:sign_head:0, Кобальтов. табличка
tconstruct:sign_head:0, Ардитов. табличка
tconstruct:sign_head:0, Маньюлинов. табличка
tconstruct:sign_head:0, Медн. табличка
tconstruct:sign_head:0, Бронзов. табличка
tconstruct:sign_head:0, Свинцов. табличка
tconstruct:sign_head:0, Серебрян. табличка
tconstruct:sign_head:0, Электрумов. табличка
tconstruct:sign_head:0, Стальн. табличка
tconstruct:tool_rod:0, Деревянн. рукоять
tconstruct:tool_rod:0, Каменн. рукоять
tconstruct:tool_rod:0, Кремнев. рукоять
tconstruct:tool_rod:0, Кактусов. рукоять
tconstruct:tool_rod:0, Костян. рукоять
tconstruct:tool_rod:0, Обсидианов. рукоять
tconstruct:tool_rod:0, Призмаринов. рукоять
tconstruct:tool_rod:0, Эндеровск. рукоять
tconstruct:tool_rod:0, Бумажн. рукоять
tconstruct:tool_rod:0, Губочн. рукоять
tconstruct:tool_rod:0, Огнедерев. рукоять
tconstruct:tool_rod:0, Железн. рукоять
tconstruct:tool_rod:0, Свиностальн. рукоять
tconstruct:tool_rod:0, Слизестальн. рукоять
tconstruct:tool_rod:0, Слизнев. рукоять
tconstruct:tool_rod:0, Синеслизнев. рукоять
tconstruct:tool_rod:0, Огнеслизнев. рукоять
tconstruct:tool_rod:0, Адокаменн. рукоять
tconstruct:tool_rod:0, Кобальтов. рукоять
tconstruct:tool_rod:0, Ардитов. рукоять
tconstruct:tool_rod:0, Маньюлинов. рукоять
tconstruct:tool_rod:0, Медн. рукоять
tconstruct:tool_rod:0, Бронзов. рукоять
tconstruct:tool_rod:0, Свинцов. рукоять
tconstruct:tool_rod:0, Серебрян. рукоять
tconstruct:tool_rod:0, Электрумов. рукоять
tconstruct:tool_rod:0, Стальн. рукоять
tconstruct:tough_tool_rod:0, Деревянн. мощная рукоять
tconstruct:tough_tool_rod:0, Каменн. мощная рукоять
tconstruct:tough_tool_rod:0, Кремнев. мощная рукоять
tconstruct:tough_tool_rod:0, Кактусов. мощная рукоять
tconstruct:tough_tool_rod:0, Костян. мощная рукоять
tconstruct:tough_tool_rod:0, Обсидианов. мощная рукоять
tconstruct:tough_tool_rod:0, Призмаринов. мощная рукоять
tconstruct:tough_tool_rod:0, Эндеровск. мощная рукоять
tconstruct:tough_tool_rod:0, Бумажн. мощная рукоять
tconstruct:tough_tool_rod:0, Губочн. мощная рукоять
tconstruct:tough_tool_rod:0, Огнедерев. мощная рукоять
tconstruct:tough_tool_rod:0, Железн. мощная рукоять
tconstruct:tough_tool_rod:0, Свиностальн. мощная рукоять
tconstruct:tough_tool_rod:0, Слизестальн. мощная рукоять
tconstruct:tough_tool_rod:0, Слизнев. мощная рукоять
tconstruct:tough_tool_rod:0, Синеслизнев. мощная рукоять
tconstruct:tough_tool_rod:0, Огнеслизнев. мощная рукоять
tconstruct:tough_tool_rod:0, Адокаменн. мощная рукоять
tconstruct:tough_tool_rod:0, Кобальтов. мощная рукоять
tconstruct:tough_tool_rod:0, Ардитов. мощная рукоять
tconstruct:tough_tool_rod:0, Маньюлинов. мощная рукоять
tconstruct:tough_tool_rod:0, Медн. мощная рукоять
tconstruct:tough_tool_rod:0, Бронзов. мощная рукоять
tconstruct:tough_tool_rod:0, Свинцов. мощная рукоять
tconstruct:tough_tool_rod:0, Серебрян. мощная рукоять
tconstruct:tough_tool_rod:0, Электрумов. мощная рукоять
tconstruct:tough_tool_rod:0, Стальн. мощная рукоять
tconstruct:binding:0, Деревянн. крепление
tconstruct:binding:0, Каменн. крепление
tconstruct:binding:0, Кремнев. крепление
tconstruct:binding:0, Кактусов. крепление
tconstruct:binding:0, Костян. крепление
tconstruct:binding:0, Обсидианов. крепление
tconstruct:binding:0, Призмаринов. крепление
tconstruct:binding:0, Эндеровск. крепление
tconstruct:binding:0, Бумажн. крепление
tconstruct:binding:0, Губочн. крепление
tconstruct:binding:0, Огнедерев. крепление
tconstruct:binding:0, Железн. крепление
tconstruct:binding:0, Свиностальн. крепление
tconstruct:binding:0, Слизестальн. крепление
tconstruct:binding:0, Слизнев. крепление
tconstruct:binding:0, Синеслизнев. крепление
tconstruct:binding:0, Огнеслизнев. крепление
tconstruct:binding:0, Адокаменн. крепление
tconstruct:binding:0, Кобальтов. крепление
tconstruct:binding:0, Ардитов. крепление
tconstruct:binding:0, Маньюлинов. крепление
tconstruct:binding:0, Медн. крепление
tconstruct:binding:0, Бронзов. крепление
tconstruct:binding:0, Свинцов. крепление
tconstruct:binding:0, Серебрян. крепление
tconstruct:binding:0, Электрумов. крепление
tconstruct:binding:0, Стальн. крепление
tconstruct:tough_binding:0, Деревянн. мощное крепление
tconstruct:tough_binding:0, Каменн. мощное крепление
tconstruct:tough_binding:0, Кремнев. мощное крепление
tconstruct:tough_binding:0, Кактусов. мощное крепление
tconstruct:tough_binding:0, Костян. мощное крепление
tconstruct:tough_binding:0, Обсидианов. мощное крепление
tconstruct:tough_binding:0, Призмаринов. мощное крепление
tconstruct:tough_binding:0, Эндеровск. мощное крепление
tconstruct:tough_binding:0, Бумажн. мощное крепление
tconstruct:tough_binding:0, Губочн. мощное крепление
tconstruct:tough_binding:0, Огнедерев. мощное крепление
tconstruct:tough_binding:0, Железн. мощное крепление
tconstruct:tough_binding:0, Свиностальн. мощное крепление
tconstruct:tough_binding:0, Слизестальн. мощное крепление
tconstruct:tough_binding:0, Слизнев. мощное крепление
tconstruct:tough_binding:0, Синеслизнев. мощное крепление
tconstruct:tough_binding:0, Огнеслизнев. мощное крепление
tconstruct:tough_binding:0, Адокаменн. мощное крепление
tconstruct:tough_binding:0, Кобальтов. мощное крепление
tconstruct:tough_binding:0, Ардитов. мощное крепление
tconstruct:tough_binding:0, Маньюлинов. мощное крепление
tconstruct:tough_binding:0, Медн. мощное крепление
tconstruct:tough_binding:0, Бронзов. мощное крепление
tconstruct:tough_binding:0, Свинцов. мощное крепление
tconstruct:tough_binding:0, Серебрян. мощное крепление
tconstruct:tough_binding:0, Электрумов. мощное крепление
tconstruct:tough_binding:0, Стальн. мощное крепление
tconstruct:wide_guard:0, Деревянн. широкая карда
tconstruct:wide_guard:0, Каменн. широкая карда
tconstruct:wide_guard:0, Кремнев. широкая карда
tconstruct:wide_guard:0, Кактусов. широкая карда
tconstruct:wide_guard:0, Костян. широкая карда
tconstruct:wide_guard:0, Обсидианов. широкая карда
tconstruct:wide_guard:0, Призмаринов. широкая карда
tconstruct:wide_guard:0, Эндеровск. широкая карда
tconstruct:wide_guard:0, Бумажн. широкая карда
tconstruct:wide_guard:0, Губочн. широкая карда
tconstruct:wide_guard:0, Огнедерев. широкая карда
tconstruct:wide_guard:0, Железн. широкая карда
tconstruct:wide_guard:0, Свиностальн. широкая карда
tconstruct:wide_guard:0, Слизестальн. широкая карда
tconstruct:wide_guard:0, Слизнев. широкая карда
tconstruct:wide_guard:0, Синеслизнев. широкая карда
tconstruct:wide_guard:0, Огнеслизнев. широкая карда
tconstruct:wide_guard:0, Адокаменн. широкая карда
tconstruct:wide_guard:0, Кобальтов. широкая карда
tconstruct:wide_guard:0, Ардитов. широкая карда
tconstruct:wide_guard:0, Маньюлинов. широкая карда
tconstruct:wide_guard:0, Медн. широкая карда
tconstruct:wide_guard:0, Бронзов. широкая карда
tconstruct:wide_guard:0, Свинцов. широкая карда
tconstruct:wide_guard:0, Серебрян. широкая карда
tconstruct:wide_guard:0, Электрумов. широкая карда
tconstruct:wide_guard:0, Стальн. широкая карда
tconstruct:hand_guard:0, Деревянн. малая гарда
tconstruct:hand_guard:0, Каменн. малая гарда
tconstruct:hand_guard:0, Кремнев. малая гарда
tconstruct:hand_guard:0, Кактусов. малая гарда
tconstruct:hand_guard:0, Костян. малая гарда
tconstruct:hand_guard:0, Обсидианов. малая гарда
tconstruct:hand_guard:0, Призмаринов. малая гарда
tconstruct:hand_guard:0, Эндеровск. малая гарда
tconstruct:hand_guard:0, Бумажн. малая гарда
tconstruct:hand_guard:0, Губочн. малая гарда
tconstruct:hand_guard:0, Огнедерев. малая гарда
tconstruct:hand_guard:0, Железн. малая гарда
tconstruct:hand_guard:0, Свиностальн. малая гарда
tconstruct:hand_guard:0, Слизестальн. малая гарда
tconstruct:hand_guard:0, Слизнев. малая гарда
tconstruct:hand_guard:0, Синеслизнев. малая гарда
tconstruct:hand_guard:0, Огнеслизнев. малая гарда
tconstruct:hand_guard:0, Адокаменн. малая гарда
tconstruct:hand_guard:0, Кобальтов. малая гарда
tconstruct:hand_guard:0, Ардитов. малая гарда
tconstruct:hand_guard:0, Маньюлинов. малая гарда
tconstruct:hand_guard:0, Медн. малая гарда
tconstruct:hand_guard:0, Бронзов. малая гарда
tconstruct:hand_guard:0, Свинцов. малая гарда
tconstruct:hand_guard:0, Серебрян. малая гарда
tconstruct:hand_guard:0, Электрумов. малая гарда
tconstruct:hand_guard:0, Стальн. малая гарда
tconstruct:cross_guard:0, Деревянн. поперечная гарда
tconstruct:cross_guard:0, Каменн. поперечная гарда
tconstruct:cross_guard:0, Кремнев. поперечная гарда
tconstruct:cross_guard:0, Кактусов. поперечная гарда
tconstruct:cross_guard:0, Костян. поперечная гарда
tconstruct:cross_guard:0, Обсидианов. поперечная гарда
tconstruct:cross_guard:0, Призмаринов. поперечная гарда
tconstruct:cross_guard:0, Эндеровск. поперечная гарда
tconstruct:cross_guard:0, Бумажн. поперечная гарда
tconstruct:cross_guard:0, Губочн. поперечная гарда
tconstruct:cross_guard:0, Огнедерев. поперечная гарда
tconstruct:cross_guard:0, Железн. поперечная гарда
tconstruct:cross_guard:0, Свиностальн. поперечная гарда
tconstruct:cross_guard:0, Слизестальн. поперечная гарда
tconstruct:cross_guard:0, Слизнев. поперечная гарда
tconstruct:cross_guard:0, Синеслизнев. поперечная гарда
tconstruct:cross_guard:0, Огнеслизнев. поперечная гарда
tconstruct:cross_guard:0, Адокаменн. поперечная гарда
tconstruct:cross_guard:0, Кобальтов. поперечная гарда
tconstruct:cross_guard:0, Ардитов. поперечная гарда
tconstruct:cross_guard:0, Маньюлинов. поперечная гарда
tconstruct:cross_guard:0, Медн. поперечная гарда
tconstruct:cross_guard:0, Бронзов. поперечная гарда
tconstruct:cross_guard:0, Свинцов. поперечная гарда
tconstruct:cross_guard:0, Серебрян. поперечная гарда
tconstruct:cross_guard:0, Электрумов. поперечная гарда
tconstruct:cross_guard:0, Стальн. поперечная гарда
tconstruct:large_plate:0, Деревянн. большая пластина
tconstruct:large_plate:0, Каменн. большая пластина
tconstruct:large_plate:0, Кремнев. большая пластина
tconstruct:large_plate:0, Кактусов. большая пластина
tconstruct:large_plate:0, Костян. большая пластина
tconstruct:large_plate:0, Обсидианов. большая пластина
tconstruct:large_plate:0, Призмаринов. большая пластина
tconstruct:large_plate:0, Эндеровск. большая пластина
tconstruct:large_plate:0, Бумажн. большая пластина
tconstruct:large_plate:0, Губочн. большая пластина
tconstruct:large_plate:0, Огнедерев. большая пластина
tconstruct:large_plate:0, Железн. большая пластина
tconstruct:large_plate:0, Свиностальн. большая пластина
tconstruct:large_plate:0, Слизестальн. большая пластина
tconstruct:large_plate:0, Слизнев. большая пластина
tconstruct:large_plate:0, Синеслизнев. большая пластина
tconstruct:large_plate:0, Огнеслизнев. большая пластина
tconstruct:large_plate:0, Адокаменн. большая пластина
tconstruct:large_plate:0, Кобальтов. большая пластина
tconstruct:large_plate:0, Ардитов. большая пластина
tconstruct:large_plate:0, Маньюлинов. большая пластина
tconstruct:large_plate:0, Медн. большая пластина
tconstruct:large_plate:0, Бронзов. большая пластина
tconstruct:large_plate:0, Свинцов. большая пластина
tconstruct:large_plate:0, Серебрян. большая пластина
tconstruct:large_plate:0, Электрумов. большая пластина
tconstruct:large_plate:0, Стальн. большая пластина
tconstruct:knife_blade:0, Деревянн. лезвие ножа
tconstruct:knife_blade:0, Каменн. лезвие ножа
tconstruct:knife_blade:0, Кремнев. лезвие ножа
tconstruct:knife_blade:0, Кактусов. лезвие ножа
tconstruct:knife_blade:0, Костян. лезвие ножа
tconstruct:knife_blade:0, Обсидианов. лезвие ножа
tconstruct:knife_blade:0, Призмаринов. лезвие ножа
tconstruct:knife_blade:0, Эндеровск. лезвие ножа
tconstruct:knife_blade:0, Бумажн. лезвие ножа
tconstruct:knife_blade:0, Губочн. лезвие ножа
tconstruct:knife_blade:0, Огнедерев. лезвие ножа
tconstruct:knife_blade:0, Железн. лезвие ножа
tconstruct:knife_blade:0, Свиностальн. лезвие ножа
tconstruct:knife_blade:0, Слизестальн. лезвие ножа
tconstruct:knife_blade:0, Слизнев. лезвие ножа
tconstruct:knife_blade:0, Синеслизнев. лезвие ножа
tconstruct:knife_blade:0, Огнеслизнев. лезвие ножа
tconstruct:knife_blade:0, Адокаменн. лезвие ножа
tconstruct:knife_blade:0, Кобальтов. лезвие ножа
tconstruct:knife_blade:0, Ардитов. лезвие ножа
tconstruct:knife_blade:0, Маньюлинов. лезвие ножа
tconstruct:knife_blade:0, Медн. лезвие ножа
tconstruct:knife_blade:0, Бронзов. лезвие ножа
tconstruct:knife_blade:0, Свинцов. лезвие ножа
tconstruct:knife_blade:0, Серебрян. лезвие ножа
tconstruct:knife_blade:0, Электрумов. лезвие ножа
tconstruct:knife_blade:0, Стальн. лезвие ножа
tconstruct:bow_limb:0, Деревянн. плечо лука
tconstruct:bow_limb:0, Каменн. плечо лука
tconstruct:bow_limb:0, Кремнев. плечо лука
tconstruct:bow_limb:0, Кактусов. плечо лука
tconstruct:bow_limb:0, Костян. плечо лука
tconstruct:bow_limb:0, Обсидианов. плечо лука
tconstruct:bow_limb:0, Призмаринов. плечо лука
tconstruct:bow_limb:0, Эндеровск. плечо лука
tconstruct:bow_limb:0, Бумажн. плечо лука
tconstruct:bow_limb:0, Губочн. плечо лука
tconstruct:bow_limb:0, Огнедерев. плечо лука
tconstruct:bow_limb:0, Железн. плечо лука
tconstruct:bow_limb:0, Свиностальн. плечо лука
tconstruct:bow_limb:0, Слизестальн. плечо лука
tconstruct:bow_limb:0, Слизнев. плечо лука
tconstruct:bow_limb:0, Синеслизнев. плечо лука
tconstruct:bow_limb:0, Огнеслизнев. плечо лука
tconstruct:bow_limb:0, Адокаменн. плечо лука
tconstruct:bow_limb:0, Кобальтов. плечо лука
tconstruct:bow_limb:0, Ардитов. плечо лука
tconstruct:bow_limb:0, Маньюлинов. плечо лука
tconstruct:bow_limb:0, Медн. плечо лука
tconstruct:bow_limb:0, Бронзов. плечо лука
tconstruct:bow_limb:0, Свинцов. плечо лука
tconstruct:bow_limb:0, Серебрян. плечо лука
tconstruct:bow_limb:0, Электрумов. плечо лука
tconstruct:bow_limb:0, Стальн. плечо лука
tconstruct:bow_string:0, Нитяная тетива
tconstruct:bow_string:0, Слизнелозная тетива
tconstruct:bow_string:0, material.slimevine_blue.prefix
tconstruct:bow_string:0, Из лозы тетива
tconstruct:arrow_head:0, Деревянн. наконечник
tconstruct:arrow_head:0, Каменн. наконечник
tconstruct:arrow_head:0, Кремнев. наконечник
tconstruct:arrow_head:0, Кактусов. наконечник
tconstruct:arrow_head:0, Костян. наконечник
tconstruct:arrow_head:0, Обсидианов. наконечник
tconstruct:arrow_head:0, Призмаринов. наконечник
tconstruct:arrow_head:0, Эндеровск. наконечник
tconstruct:arrow_head:0, Бумажн. наконечник
tconstruct:arrow_head:0, Губочн. наконечник
tconstruct:arrow_head:0, Огнедерев. наконечник
tconstruct:arrow_head:0, Железн. наконечник
tconstruct:arrow_head:0, Свиностальн. наконечник
tconstruct:arrow_head:0, Слизестальн. наконечник
tconstruct:arrow_head:0, Слизнев. наконечник
tconstruct:arrow_head:0, Синеслизнев. наконечник
tconstruct:arrow_head:0, Огнеслизнев. наконечник
tconstruct:arrow_head:0, Адокаменн. наконечник
tconstruct:arrow_head:0, Кобальтов. наконечник
tconstruct:arrow_head:0, Ардитов. наконечник
tconstruct:arrow_head:0, Маньюлинов. наконечник
tconstruct:arrow_head:0, Медн. наконечник
tconstruct:arrow_head:0, Бронзов. наконечник
tconstruct:arrow_head:0, Свинцов. наконечник
tconstruct:arrow_head:0, Серебрян. наконечник
tconstruct:arrow_head:0, Электрумов. наконечник
tconstruct:arrow_head:0, Стальн. наконечник
tconstruct:arrow_shaft:0, Деревянн. древко стрелы
tconstruct:arrow_shaft:0, Костян. древко стрелы
tconstruct:arrow_shaft:0, Огненное древко стрелы
tconstruct:arrow_shaft:0, Тростниковое древко стрелы
tconstruct:arrow_shaft:0, Ледяное древко стрелы
tconstruct:arrow_shaft:0, Стержня Края древко стрелы
tconstruct:fletching:0, Перьевое оперение
tconstruct:fletching:0, Слизнелиственное оперение
tconstruct:fletching:0, material.slimeleaf_blue.prefix
tconstruct:fletching:0, material.slimeleaf_blue.prefix
tconstruct:fletching:0, Лиственное оперение
tconstruct:bolt_core:0, Дерево-Железо стержень болта
tconstruct:bolt_core:0, Кость-Железо стержень болта
tconstruct:bolt_core:0, Огненный стержень-Железо стержень болта
tconstruct:bolt_core:0, Тростник-Железо стержень болта
tconstruct:bolt_core:0, Лёд-Железо стержень болта
tconstruct:bolt_core:0, Стержень Края-Железо стержень болта
tconstruct:tooltables:0, Инженерный верстак
tconstruct:tooltables:1, Стол для вырезки схем
tconstruct:tooltables:1, Стол для вырезки схем
tconstruct:tooltables:1, Стол для вырезки схем
tconstruct:tooltables:1, Стол для вырезки схем
tconstruct:tooltables:1, Стол для вырезки схем
tconstruct:tooltables:1, Стол для вырезки схем
tconstruct:tooltables:1, Стол для вырезки схем
tconstruct:tooltables:1, Стол для вырезки схем
tconstruct:tooltables:1, Стол для вырезки схем
tconstruct:tooltables:1, Стол для вырезки схем
tconstruct:tooltables:1, Стол для вырезки схем
tconstruct:tooltables:1, Стол для вырезки схем
tconstruct:tooltables:1, Стол для вырезки схем
tconstruct:tooltables:1, Стол для вырезки схем
tconstruct:tooltables:1, Стол для вырезки схем
tconstruct:tooltables:1, Стол для вырезки схем
tconstruct:tooltables:1, Стол для вырезки схем
tconstruct:tooltables:1, Стол для вырезки схем
tconstruct:tooltables:1, Стол для вырезки схем
tconstruct:tooltables:1, Стол для вырезки схем
tconstruct:tooltables:1, Стол для вырезки схем
tconstruct:tooltables:1, Стол для вырезки схем
tconstruct:tooltables:1, Стол для вырезки схем
tconstruct:tooltables:1, Стол для вырезки схем
tconstruct:tooltables:4, Ящик для схем
tconstruct:tooltables:2, Стол для вырезки частей
tconstruct:tooltables:2, Стол для вырезки частей
tconstruct:tooltables:2, Стол для вырезки частей
tconstruct:tooltables:2, Стол для вырезки частей
tconstruct:tooltables:2, Стол для вырезки частей
tconstruct:tooltables:2, Стол для вырезки частей
tconstruct:tooltables:2, Стол для вырезки частей
tconstruct:tooltables:2, Стол для вырезки частей
tconstruct:tooltables:2, Стол для вырезки частей
tconstruct:tooltables:2, Стол для вырезки частей
tconstruct:tooltables:2, Стол для вырезки частей
tconstruct:tooltables:2, Стол для вырезки частей
tconstruct:tooltables:2, Стол для вырезки частей
tconstruct:tooltables:2, Стол для вырезки частей
tconstruct:tooltables:2, Стол для вырезки частей
tconstruct:tooltables:2, Стол для вырезки частей
tconstruct:tooltables:2, Стол для вырезки частей
tconstruct:tooltables:2, Стол для вырезки частей
tconstruct:tooltables:2, Стол для вырезки частей
tconstruct:tooltables:2, Стол для вырезки частей
tconstruct:tooltables:2, Стол для вырезки частей
tconstruct:tooltables:2, Стол для вырезки частей
tconstruct:tooltables:2, Стол для вырезки частей
tconstruct:tooltables:2, Стол для вырезки частей
tconstruct:tooltables:2, Стол для вырезки частей
tconstruct:tooltables:5, Ящик для частей
tconstruct:tooltables:3, Инженерная станция
tconstruct:toolforge:0, Кузня
tconstruct:toolforge:0, Кузня
tconstruct:toolforge:0, Кузня
tconstruct:toolforge:0, Кузня
tconstruct:toolforge:0, Кузня
tconstruct:toolforge:0, Кузня
tconstruct:toolforge:0, Кузня
tconstruct:toolforge:0, Кузня
tconstruct:toolforge:0, Кузня
tconstruct:toolforge:0, Кузня
tconstruct:toolforge:0, Кузня
tconstruct:toolforge:0, Кузня
tconstruct:toolforge:0, Кузня
tconstruct:toolforge:0, Кузня
tconstruct:toolforge:0, Кузня
tconstruct:toolforge:0, Кузня
tconstruct:toolforge:0, Кузня
tconstruct:toolforge:0, Кузня
tconstruct:toolforge:0, Кузня
tconstruct:toolforge:0, Кузня
tconstruct:toolforge:0, Кузня
tconstruct:toolforge:0, Кузня
tconstruct:toolforge:0, Кузня
tconstruct:toolforge:0, Кузня
tconstruct:pickaxe, кирка
tconstruct:shovel, лопата
tconstruct:hatchet, топор
tconstruct:mattock, мотыготопор
tconstruct:kama, Kama
tconstruct:hammer, молот
tconstruct:excavator, большая лопата
tconstruct:lumberaxe, большой топор
tconstruct:scythe, коса
tconstruct:broadsword, палаш
tconstruct:longsword, меч
tconstruct:rapier, рапира
tconstruct:frypan, сковорода
tconstruct:battlesign, боевая табличка
tconstruct:cleaver, гигантский меч
tconstruct:shortbow, короткий лук
tconstruct:longbow, длинный лук
tconstruct:crossbow, арбалет
tconstruct:arrow, стрела
tconstruct:bolt, болт
tconstruct:shuriken, сюрикен
tconstruct:seared:0, Сушёный камень
tconstruct:seared:1, Сушёный булыжник
tconstruct:seared:2, Сушёная плитка
tconstruct:seared:3, Сушёная кладка
tconstruct:seared:4, Сушёная кладка (трещины)
tconstruct:seared:5, Сушёная кладка (орнамент)
tconstruct:seared:6, Сушёная кладка (узор)
tconstruct:seared:7, Сушёная дорога
tconstruct:seared:8, Сушёная кладка (крипер)
tconstruct:seared:9, Сушёная кладка (треугольник)
tconstruct:seared:10, Сушёная кладка (малая)
tconstruct:seared:11, Сушёные мини-плитки
tconstruct:smeltery_controller:0, Контроллер плавильни
tconstruct:seared_tank:0, Сушёный резервуар
tconstruct:seared_tank:1, Сушёный мерный резервуар
tconstruct:seared_tank:2, Сушёное окно
tconstruct:faucet:0, Горн
tconstruct:channel:0, Casting Channel
tconstruct:casting:0, Стол отливок
tconstruct:casting:1, Резервуар отливок
tconstruct:smeltery_io:0, Слив плавильни
tconstruct:seared_glass:0, Сушёное стекло
tconstruct:seared_furnace_controller:0, Контроллер печи
tconstruct:tinker_tank_controller:0, Контроллер цистерны
tconstruct:seared_slab:0, Сушёная плита (камень)
tconstruct:seared_slab:1, Сушёная плита (булыжник)
tconstruct:seared_slab:2, Сушёная плита (плитка)
tconstruct:seared_slab:3, Сушёная плита (кладка)
tconstruct:seared_slab:4, Сушёная плита (кладка-трещины)
tconstruct:seared_slab:5, Сушёная плита (кладка-орнамент)
tconstruct:seared_slab:6, Сушёная плита (кладка-узор)
tconstruct:seared_slab:7, Сушёная плита (дорога)
tconstruct:seared_slab2:0, Сушёная плита (кладка-крипер)
tconstruct:seared_slab2:1, Сушёная плита (кладка-треугольник)
tconstruct:seared_slab2:2, Сушёная плита (малая кладка)
tconstruct:seared_slab2:3, Сушёная плита (мини-плитка)
tconstruct:seared_stairs_stone:0, Сушёные ступеньки (камень)
tconstruct:seared_stairs_cobble:0, Сушёные ступеньки (булыжник)
tconstruct:seared_stairs_paver:0, Сушёные ступеньки (плитка)
tconstruct:seared_stairs_brick:0, Сушёные ступеньки (кладка)
tconstruct:seared_stairs_brick_cracked:0, Сушёные ступеньки (кладка-трещины)
tconstruct:seared_stairs_brick_fancy:0, Сушёные ступеньки (кладка-орнамент)
tconstruct:seared_stairs_brick_square:0, Сушёные ступеньки (кладка-узор)
tconstruct:seared_stairs_brick_triangle:0, Сушёные ступеньки (кладка-треугольник)
tconstruct:seared_stairs_brick_small:0, Сушёные ступеньки (малая кладка)
tconstruct:seared_stairs_road:0, Сушёные ступеньки (дорога)
tconstruct:seared_stairs_tile:0, Сушёные ступеньки (мини-плитка)
tconstruct:seared_stairs_creeper:0, Сушёные ступеньки (кладка-крипер)
tconstruct:cast:0, Пустая отливка
tconstruct:cast:0, Отливка - лезвие топора
tconstruct:cast:0, Отливка - навершие косы
tconstruct:cast:0, Отливка - табличка
tconstruct:cast:0, Отливка - крепление
tconstruct:cast:0, Отливка - лезвие ножа
tconstruct:cast:0, Отливка - полотно лопаты
tconstruct:cast:0, Отливка - мощное крепление
tconstruct:cast:0, Отливка - оселок
tconstruct:cast:0, Отливка - малая гарда
tconstruct:cast:0, Отливка - поперечная гарда
tconstruct:cast:0, Отливка - осколок
tconstruct:cast:0, Отливка - боёк молота
tconstruct:cast:0, Отливка - плечо лука
tconstruct:cast:0, Отливка - большая пластина
tconstruct:cast:0, Отливка - большое полотно лопаты
tconstruct:cast:0, Отливка - широкое лезвие меча
tconstruct:cast:0, Отливка - мощная рукоять
tconstruct:cast:0, Отливка - лезвие меча
tconstruct:cast:0, Отливка - наконечник
tconstruct:cast:0, Отливка - широкая карда
tconstruct:cast:0, Отливка - рукоять
tconstruct:cast:0, Отливка - полотно сковороды
tconstruct:cast:0, Отливка - большое лезвие топора
tconstruct:cast:0, Отливка - Kama Head
tconstruct:cast:0, Отливка - навершие кирки
tconstruct:cast_custom:0, Отливка слитка
tconstruct:cast_custom:1, Отливка самородка
tconstruct:cast_custom:2, Отливка камня
tconstruct:cast_custom:3, Отливка пластины
tconstruct:cast_custom:4, Отливка шестерни
tconstruct:clay_cast:0, item.tconstruct.clay_cast.blank
tconstruct:clay_cast:0, Глиняная отливка - лезвие топора
tconstruct:clay_cast:0, Глиняная отливка - навершие косы
tconstruct:clay_cast:0, Глиняная отливка - табличка
tconstruct:clay_cast:0, Глиняная отливка - крепление
tconstruct:clay_cast:0, Глиняная отливка - лезвие ножа
tconstruct:clay_cast:0, Глиняная отливка - полотно лопаты
tconstruct:clay_cast:0, Глиняная отливка - мощное крепление
tconstruct:clay_cast:0, Глиняная отливка - оселок
tconstruct:clay_cast:0, Глиняная отливка - малая гарда
tconstruct:clay_cast:0, Глиняная отливка - поперечная гарда
tconstruct:clay_cast:0, Глиняная отливка - осколок
tconstruct:clay_cast:0, Глиняная отливка - боёк молота
tconstruct:clay_cast:0, Глиняная отливка - плечо лука
tconstruct:clay_cast:0, Глиняная отливка - большая пластина
tconstruct:clay_cast:0, Глиняная отливка - большое полотно лопаты
tconstruct:clay_cast:0, Глиняная отливка - широкое лезвие меча
tconstruct:clay_cast:0, Глиняная отливка - мощная рукоять
tconstruct:clay_cast:0, Глиняная отливка - лезвие меча
tconstruct:clay_cast:0, Глиняная отливка - наконечник
tconstruct:clay_cast:0, Глиняная отливка - широкая карда
tconstruct:clay_cast:0, Глиняная отливка - рукоять
tconstruct:clay_cast:0, Глиняная отливка - полотно сковороды
tconstruct:clay_cast:0, Глиняная отливка - большое лезвие топора
tconstruct:clay_cast:0, Глиняная отливка - Kama Head
tconstruct:clay_cast:0, Глиняная отливка - навершие кирки
tconstruct:stone_torch:0, Каменный факел
tconstruct:stone_ladder:0, Каменная лестница
tconstruct:punji:0, Тростниковые колья
tconstruct:rack:0, Вешалка
tconstruct:rack:1, Сушилка
tconstruct:wood_rail:0, Деревянные рельсы
tconstruct:wood_rail_trapdoor:0, Деревянные рельсы с люком
tconstruct:wooden_hopper:0, Деревянная загрузочная воронка
tconstruct:slime_channel:0, Жёлоб из зелёной слизи
tconstruct:slime_channel:1, Жёлоб из синей слизи
tconstruct:slime_channel:2, Жёлоб из фиолетовой слизи
tconstruct:slime_channel:3, Жёлоб из крови
tconstruct:slime_channel:4, Жёлоб из огненной слизи
tconstruct:dried_clay:0, Сушёная глина
tconstruct:dried_clay:1, Кирпичи из сушёной глины
tconstruct:dried_clay_slab:0, Плита из сушёной глины
tconstruct:dried_clay_slab:1, Кирпичная плита из сушёной глины
tconstruct:dried_clay_stairs:0, Ступеньки из сушёной глины
tconstruct:dried_brick_stairs:0, Кирпичные ступеньки из сушёной глины
tconstruct:brownstone:0, Гладкий браунстоун
tconstruct:brownstone:1, Грубый браунстоун
tconstruct:brownstone:2, Плитки из браунстоуна
tconstruct:brownstone:3, Кладка из браунстоуна
tconstruct:brownstone:4, Кладка из браунстоуна (трещины)
tconstruct:brownstone:5, Кладка из браунстоуна (орнамент)
tconstruct:brownstone:6, Кладка из браунстоуна (узор)
tconstruct:brownstone:7, Дорога из браунстоуна
tconstruct:brownstone:8, Кладка из браунстоуна (крипер)
tconstruct:brownstone:9, Кладка из браунстоуна (треугольник)
tconstruct:brownstone:10, Кладка из браунстоуна (малая)
tconstruct:brownstone:11, Мини-плитка из браунстоуна
tconstruct:brownstone_slab:0, Гладкая плита из браунстоуна
tconstruct:brownstone_slab:1, Грубая плита из браунстоуна
tconstruct:brownstone_slab:2, Плита из браунстоуна (плитка)
tconstruct:brownstone_slab:3, Плита из браунстоуна (кладка)
tconstruct:brownstone_slab:4, Плита из браунстоуна (кладка-трещины)
tconstruct:brownstone_slab:5, Плита из браунстоуна (кладка-орнамент)
tconstruct:brownstone_slab:6, Плита из браунстоуна (кладка-узор)
tconstruct:brownstone_slab:7, Плита из браунстоуна (дорога)
tconstruct:brownstone_slab2:0, Плита из браунстоуна (кладка-крипер)
tconstruct:brownstone_slab2:1, Плита из браунстоуна (кладка-треугольник)
tconstruct:brownstone_slab2:2, Плита из браунстоуна (малая кладка)
tconstruct:brownstone_slab2:3, Плита из браунстоуна (мини-плитка)
tconstruct:brownstone_stairs_smooth:0, Гладкие ступеньки из браунстоуна
tconstruct:brownstone_stairs_rough:0, Грубые ступеньки из браунстоуна
tconstruct:brownstone_stairs_paver:0, Ступеньки из браунстоуна (плитка)
tconstruct:brownstone_stairs_brick:0, Ступеньки из браунстоуна (кладка)
tconstruct:brownstone_stairs_brick_cracked:0, Ступеньки из браунстоуна (кладка-трещины)
tconstruct:brownstone_stairs_brick_fancy:0, Ступеньки из браунстоуна (кладка-орнамент)
tconstruct:brownstone_stairs_brick_square:0, Ступеньки из браунстоуна (кладка-узор)
tconstruct:brownstone_stairs_brick_triangle:0, Ступеньки из браунстоуна (кладка-треугольник)
tconstruct:brownstone_stairs_brick_small:0, Ступеньки из браунстоуна (малая кладка)
tconstruct:brownstone_stairs_road:0, Ступеньки из браунстоуна (дорога)
tconstruct:brownstone_stairs_tile:0, Ступеньки из браунстоуна (мини-плитка)
tconstruct:brownstone_stairs_creeper:0, Ступеньки из браунстоуна (кладка-крипер)
tconstruct:slimesling:0, Slimesling
tconstruct:slimesling:1, Slimesling
tconstruct:slimesling:2, Slimesling
tconstruct:slimesling:3, Congealed Bloodsling
tconstruct:slimesling:4, Slimesling
tconstruct:slime_boots:0, Синеслизневые ботинки
tconstruct:slime_boots:1, Зелёнослизневые ботинки
tconstruct:slime_boots:2, Фиолетослизневые ботинки
tconstruct:slime_boots:3, Кровавые ботинки
tconstruct:slime_boots:4, Огнеслизневые ботинки
tconstruct:piggybackpack, Рюкзак-седло
tconstruct:throwball:0, Светоснежок
tconstruct:throwball:1, EFLN
tconstruct:stone_stick, Каменный стержень
tconstruct:fancy_frame:0, Красивая рамка
tconstruct:fancy_frame:1, Рамка из алюминиевой латуни
tconstruct:fancy_frame:2, Рамка из кобальта
tconstruct:fancy_frame:3, Рамка из ардита
tconstruct:fancy_frame:4, Рамка из маньюлина
tconstruct:fancy_frame:5, Золотая рамка
tconstruct:fancy_frame:6, Стеклянная рамка
tconstruct:moms_spaghetti, Мамины спагетти
travelersbackpack:travelers_backpack:0, Рюкзак путешественника
travelersbackpack:travelers_backpack:1, Рюкзак путешественника
travelersbackpack:travelers_backpack:2, Рюкзак путешественника
travelersbackpack:travelers_backpack:3, Рюкзак путешественника
travelersbackpack:travelers_backpack:4, Рюкзак путешественника
travelersbackpack:travelers_backpack:5, Рюкзак путешественника
travelersbackpack:travelers_backpack:6, Рюкзак путешественника
travelersbackpack:travelers_backpack:7, Рюкзак путешественника
travelersbackpack:travelers_backpack:8, Рюкзак путешественника
travelersbackpack:travelers_backpack:9, Рюкзак путешественника
travelersbackpack:travelers_backpack:10, Рюкзак путешественника
travelersbackpack:travelers_backpack:11, Рюкзак путешественника
travelersbackpack:travelers_backpack:12, Рюкзак путешественника
travelersbackpack:travelers_backpack:13, Рюкзак путешественника
travelersbackpack:travelers_backpack:14, Рюкзак путешественника
travelersbackpack:travelers_backpack:15, Рюкзак путешественника
travelersbackpack:travelers_backpack:16, Рюкзак путешественника
travelersbackpack:travelers_backpack:17, Рюкзак путешественника
travelersbackpack:travelers_backpack:18, Рюкзак путешественника
travelersbackpack:travelers_backpack:19, Рюкзак путешественника
travelersbackpack:travelers_backpack:20, Рюкзак путешественника
travelersbackpack:travelers_backpack:21, Рюкзак путешественника
travelersbackpack:travelers_backpack:22, Рюкзак путешественника
travelersbackpack:travelers_backpack:23, Рюкзак путешественника
travelersbackpack:travelers_backpack:24, Рюкзак путешественника
travelersbackpack:travelers_backpack:25, Рюкзак путешественника
travelersbackpack:travelers_backpack:26, Рюкзак путешественника
travelersbackpack:travelers_backpack:27, Рюкзак путешественника
travelersbackpack:travelers_backpack:28, Рюкзак путешественника
travelersbackpack:travelers_backpack:29, Рюкзак путешественника
travelersbackpack:travelers_backpack:30, Рюкзак путешественника
travelersbackpack:travelers_backpack:31, Рюкзак путешественника
travelersbackpack:travelers_backpack:32, Рюкзак путешественника
travelersbackpack:travelers_backpack:33, Рюкзак путешественника
travelersbackpack:travelers_backpack:34, Рюкзак путешественника
travelersbackpack:travelers_backpack:35, Рюкзак путешественника
travelersbackpack:travelers_backpack:36, Рюкзак путешественника
travelersbackpack:travelers_backpack:37, Рюкзак путешественника
travelersbackpack:travelers_backpack:38, Рюкзак путешественника
travelersbackpack:travelers_backpack:39, Рюкзак путешественника
travelersbackpack:travelers_backpack:40, Рюкзак путешественника
travelersbackpack:travelers_backpack:41, Рюкзак путешественника
travelersbackpack:travelers_backpack:42, Рюкзак путешественника
travelersbackpack:travelers_backpack:43, Рюкзак путешественника
travelersbackpack:travelers_backpack:44, Рюкзак путешественника
travelersbackpack:travelers_backpack:45, Рюкзак путешественника
travelersbackpack:travelers_backpack:46, Рюкзак путешественника
travelersbackpack:travelers_backpack:47, Рюкзак путешественника
travelersbackpack:travelers_backpack:48, Рюкзак путешественника
travelersbackpack:travelers_backpack:49, Рюкзак путешественника
travelersbackpack:travelers_backpack:50, Рюкзак путешественника
travelersbackpack:travelers_backpack:51, Рюкзак путешественника
travelersbackpack:travelers_backpack:52, Рюкзак путешественника
travelersbackpack:travelers_backpack:53, Рюкзак путешественника
travelersbackpack:travelers_backpack:54, Рюкзак путешественника
travelersbackpack:travelers_backpack:55, Рюкзак путешественника
travelersbackpack:travelers_backpack:56, Рюкзак путешественника
travelersbackpack:travelers_backpack:57, Рюкзак путешественника
travelersbackpack:travelers_backpack:58, Рюкзак путешественника
travelersbackpack:travelers_backpack:59, Рюкзак путешественника
travelersbackpack:travelers_backpack:60, Рюкзак путешественника
travelersbackpack:travelers_backpack:61, Рюкзак путешественника
travelersbackpack:travelers_backpack:62, Рюкзак путешественника
travelersbackpack:travelers_backpack:63, Рюкзак путешественника
travelersbackpack:travelers_backpack:64, Рюкзак путешественника
travelersbackpack:travelers_backpack:65, Рюкзак путешественника
travelersbackpack:travelers_backpack:66, Рюкзак путешественника
travelersbackpack:travelers_backpack:67, Рюкзак путешественника
travelersbackpack:travelers_backpack:68, Рюкзак путешественника
travelersbackpack:travelers_backpack:69, Рюкзак путешественника
travelersbackpack:travelers_backpack:70, Рюкзак путешественника
travelersbackpack:travelers_backpack:71, Рюкзак путешественника
travelersbackpack:travelers_backpack:72, Рюкзак путешественника
travelersbackpack:travelers_backpack:73, Рюкзак путешественника
travelersbackpack:travelers_backpack:74, Рюкзак путешественника
travelersbackpack:travelers_backpack:75, Рюкзак путешественника
travelersbackpack:travelers_backpack:76, Рюкзак путешественника
travelersbackpack:backpack_tank, Резервуар рюкзака
travelersbackpack:sleeping_bag_bottom, Спальный мешок
travelersbackpack:hose_nozzle, Шланговая насадка
travelersbackpack:hose, Шланг
patchouli:guide_book, Руководство
theoneprobe:probe, Датчик
theoneprobe:creativeprobe, Творческий датчик
theoneprobe:probenote, The One Probe Read Me
theoneprobe:diamond_helmet_probe:0, Алмазный шлем с датчиком
theoneprobe:gold_helmet_probe:0, Золотой шлем с датчиком
theoneprobe:iron_helmet_probe:0, Железный шлем с датчиком
theoneprobe:probe_goggles, The One Probe (Bauble)